Workbook
Name ALL2ALL_CORE2CORE_TIME_MS: LAMBDA(global_data_traffic_in_mib, global_data_traffic_in_mib * 1024^2 /(2 * HW_SPEC("Core-to-Core ICI Bandwidth (uni, GB/s)") *1024^3)*1000)
Name ALL2ALL_CHIP2CHIP_TIME_MS: LAMBDA(data_size_in_mib, bisection_links, data_size_in_mib * 1024^2 /4 / (bisection_links * HW_SPEC("Chip-to-Chip ICI Bandwidth (uni, GB/s)") *1000^3) *1000)
Name EXTRACT_ACTIVATION_DTYPE: LAMBDA(wxay, LET(bits, REGEXEXTRACT(wXaY, "a(\d+)"), SWITCH(bits, "4", "fp4", "8", "fp8", "16", "bf16", bits)))
Name REDUCE_SCATTER_CHIP2CHIP_TIME_MS: LAMBDA(global_data_traffic_size_in_mib, global_data_traffic_size_in_mib * 1024^2 / PARAMS("num_links_in_topo") / (2 * HW_SPEC("Chip-to-Chip ICI Bandwidth (uni, GB/s)") * 1024^3) * 1000)
Name REDUCE_SCATTER_CORE2CORE_TIME_MS: LAMBDA(global_data_traffic_in_mib, IF(global_data_traffic_in_mib=0, 0, global_data_traffic_in_mib * 1024^2 /(2 * HW_SPEC("Core-to-Core ICI Bandwidth (uni, GB/s)") *1024^3)*1000 ))
Name ALL_REDUCE_CORE2CORE_TIME_MS: LAMBDA(data_size_in_mib, 2 * data_size_in_mib * 1024^2 / ( 2 * HW_SPEC("Core-to-Core ICI Bandwidth (uni, GB/s)") *1024^3)*1000)
Name EXTRACT_WEIGHT_DTYPE: LAMBDA(wxay, LET(bits, REGEXEXTRACT(wXaY, "w(\d+)"), SWITCH(bits, "4", "fp4", "8", "fp8", "16", "bf16", bits)))
Name ALL2ALL_CHIP2CHIP_TIME_MS2: LAMBDA(data_size_in_mib, num_links, data_size_in_mib * 1024^2 /num_links / (2* HW_SPEC("Chip-to-Chip ICI Bandwidth (uni, GB/s)") *1024^3) *1000)
Name ALL_GATHER_CHIP2CHIP_TIME_MS: LAMBDA(global_data_traffic_size_in_mib, global_data_traffic_size_in_mib / PARAMS("num_links_in_topo") * 1024^2 /(2* HW_SPEC("Chip-to-Chip ICI Bandwidth (uni, GB/s)") *1024^3)*1000)
Name PAD_128: LAMBDA(val, CEILING(val, 128))
Name HBM_TIME_MS: LAMBDA(tensor_size_in_mib, tensor_size_in_mib * 1024^2 / ( VLOOKUP("Per-Core HBM-BW (GB/s)", INDIRECT("$F$16:$H$29"), 3, False) * 1024^3) * 1000)
Name PARAMS: LAMBDA(param_name, IF(ISNUMBER(param_name), param_name, vlookup(param_name,INDIRECT("$B$2:$C$43") ,2,FALSE) ))
Name ALL_GATHER_CORE2CORE_TIME_MS: LAMBDA(global_data_traffic_in_mib, global_data_traffic_in_mib * 1024^2 /(2 * HW_SPEC("Core-to-Core ICI Bandwidth (uni, GB/s)") *1024^3)*1000)
Name HW_SPEC: LAMBDA(spec_name, VLOOKUP(spec_name,INDIRECT("$F$16:$H$31"),3, False))
Name SHARDING: LAMBDA(param_name, IF(ISBLANK(param_name),1, vlookup(param_name, INDIRECT("$F$2:$G$10"),2,FALSE) ))
Name SIZEOF_IN_MIB: LAMBDA(param_name, dtype, PRODUCT( param_name) * vlookup(dtype,INDIRECT("$Q$2:$R$49") ,2,FALSE) / 1024^2)
Name COMPUTE_TIME_MS: LAMBDA(flops, mxu_dtype, flops / (VLOOKUP("Per-Core TFLOPS (" & mxu_dtype & ")",INDIRECT("$F$17:$H$43"),3,FALSE) * 1000000000000) * 1000)

Sheet Manual and Changelog
A1: How to use this spreadsheet:
A2: 1. Go to "Config and Summary" sheet and select from a preset configuration
B3: Final throughput can be found at the bottom
B4: Breakdown of operators can be found in "Decode [First/Last Token]" and "Prefill" sheets
A5: 2. You can add more configurations by adding new columns in the "Config and Summary" sheet and choosing it as the preset configuration
A8: Changelog
A9: [4/13/2026] | B9: miliu@ | C9: * Changed to use config based flow * Model first and last decode step time and interpolate overall step time * Updated theoretical A2A calculation based on bisection bandwidth for TPUs * Added support for GB200 based on NCCL look up table * Updated HBM/FLOPS derating for both GB200 and GFC based on measurements * Deprecated all other sheets
A10: [5/6/2026] | B10: miliu@ | C10: * Updated GB200 HBM capacity (GiB vs GB) * Added new dtype configurability for attention output projection (used in dsv3 nvfp4 v2 checkpoint)

Sheet Config and Summary
B1: Preset Selection: | C1: [1K/8K] GF 2x2x2 DP16/EP16 Aggregated MOE-a8w4 B=2.5K | F1: [1K/8K] GF 2x2 DP8/EP8 Aggregated MOE-a8w4 B=896 | H1: [1K/8K] GF 2x2x2 DP16/EP16 Aggregated MOE-a8w4 B=2.5K | J1: [1K/8K] GF 4x4 DP32/EP32 Aggregated MOE-a8w4 | L1: [1K/8K] GF 4x4x2 DP64/EP64 Aggregated MOE-a8w4 | N1: [1K/8K] GB200 4-chip DP4/EP4 Aggregated MOE-a4w4 | P1: [1K/8K] GB200 8-chip DP8/EP8 Aggregated MOE-a4w4 | R1: [1K/8K] GB200 16-chip DP16/EP16 Aggregated MOE-a4w4 | T1: [1K/8K] GB200 32-chip DP32/EP32 Aggregated MOE-a4w4 | V1: [1K/8K] GB200 32+4 Chips Disaggregated MOE-a4w4 | X1: [1K/8K] GB200 4-chip DP4/EP4 Aggregated MOE-a8w4 | Z1: [1K/8K] GB200 8-chip DP8/EP8 Aggregated MOE-a8w4 | AB1: [1K/8K] GB200 4-chip DP4/EP4 Aggregated MOE-a4w4 - Nsight
C2: Decode | D2: Prefill | F2: Decode | G2: Prefill | H2: Decode | I2: Prefill | J2: Decode | K2: Prefill | L2: Decode | M2: Prefill | N2: Decode | O2: Prefill | P2: Decode | Q2: Prefill | R2: Decode | S2: Prefill | T2: Decode | U2: Prefill | V2: Decode | W2: Prefill | X2: Decode | Y2: Prefill | Z2: Decode | AA2: Prefill | AB2: Decode | AC2: Prefill
A3: Device Assumptions
A4: Chip Name | C4: =XLOOKUP($C$1, $F$1:$AG$1, F4:AG4) -> GhostFish (P3) Derated | D4: =XLOOKUP($C$1, $F$1:$AG$1, G4:AH4) -> GhostFish (P3) Derated | F4: GhostFish (P3) Derated | G4: GhostFish (P3) Derated | H4: GhostFish (P3) Derated | I4: GhostFish (P3) Derated | J4: GhostFish (P3) Derated | K4: GhostFish (P3) Derated | L4: GhostFish (P3) Derated | M4: GhostFish (P3) Derated | N4: GB200 Derated | O4: GB200 Derated | P4: GB200 Derated | Q4: GB200 Derated | R4: GB200 Derated | S4: GB200 Derated | T4: GB200 Derated | U4: GB200 Derated | V4: GB200 Derated | W4: GB200 Derated | X4: GB200 Derated | Y4: GB200 Derated | Z4: GB200 Derated | AA4: GB200 Derated | AB4: GB200 Derated | AC4: GB200 Derated
A5: Use Measured NCCL Lookup Table | C5: =XLOOKUP($C$1, $F$1:$AG$1, F5:AG5) -> FALSE | D5: =XLOOKUP($C$1, $F$1:$AG$1, G5:AH5) -> FALSE | F5: FALSE | G5: FALSE | H5: FALSE | I5: FALSE | J5: FALSE | K5: FALSE | L5: FALSE | M5: FALSE | N5: TRUE | O5: TRUE | P5: TRUE | Q5: TRUE | R5: TRUE | S5: TRUE | T5: TRUE | U5: TRUE | V5: TRUE | W5: TRUE | X5: TRUE | Y5: TRUE | Z5: TRUE | AA5: TRUE | AB5: TRUE | AC5: TRUE
C6: =XLOOKUP($C$1, $F$1:$AG$1, F6:AG6) | D6: =XLOOKUP($C$1, $F$1:$AG$1, G6:AH6)
A7: Sharding (Axis Name, # of Devices) | C7: =XLOOKUP($C$1, $F$1:$AG$1, F7:AG7) | D7: =XLOOKUP($C$1, $F$1:$AG$1, G7:AH7)
A8: model | C8: =XLOOKUP($C$1, $F$1:$AG$1, F8:AG8) -> 1 | D8: =XLOOKUP($C$1, $F$1:$AG$1, G8:AH8) -> 1 | F8: 1 | G8: 1 | H8: 1 | I8: 1 | J8: 1 | K8: 1 | L8: 1 | M8: 1 | N8: 1 | O8: 1 | P8: 1 | Q8: 1 | R8: 1 | S8: 1 | T8: 1 | U8: 1 | V8: 1 | W8: 1 | X8: 1 | Y8: 1 | Z8: 1 | AA8: 1 | AB8: 1 | AC8: 1
A9: data | C9: =XLOOKUP($C$1, $F$1:$AG$1, F9:AG9) -> 16 | D9: =XLOOKUP($C$1, $F$1:$AG$1, G9:AH9) -> 16 | F9: 8 | G9: 8 | H9: 16 | I9: 16 | J9: 32 | K9: 32 | L9: 64 | M9: 64 | N9: 4 | O9: 4 | P9: 8 | Q9: 8 | R9: 16 | S9: 16 | T9: 32 | U9: 32 | V9: 32 | W9: 4 | X9: 4 | Y9: 4 | Z9: 8 | AA9: 8 | AB9: 4 | AC9: 4
A10: seq | C10: =XLOOKUP($C$1, $F$1:$AG$1, F10:AG10) -> 1 | D10: =XLOOKUP($C$1, $F$1:$AG$1, G10:AH10) -> 1 | F10: 1 | G10: 1 | H10: 1 | I10: 1 | J10: 1 | K10: 1 | L10: 1 | M10: 1 | N10: 1 | O10: 1 | P10: 1 | Q10: 1 | R10: 1 | S10: 1 | T10: 1 | U10: 1 | V10: 1 | W10: 1 | X10: 1 | Y10: 1 | Z10: 1 | AA10: 1 | AB10: 1 | AC10: 1
A11: attn_model | C11: =XLOOKUP($C$1, $F$1:$AG$1, F11:AG11) -> 1 | D11: =XLOOKUP($C$1, $F$1:$AG$1, G11:AH11) -> 1 | F11: 1 | G11: 1 | H11: 1 | I11: 1 | J11: 1 | K11: 1 | L11: 1 | M11: 1 | N11: 1 | O11: 1 | P11: 1 | Q11: 1 | R11: 1 | S11: 1 | T11: 1 | U11: 1 | V11: 1 | W11: 1 | X11: 1 | Y11: 1 | Z11: 1 | AA11: 1 | AB11: 1 | AC11: 1
C12: =XLOOKUP($C$1, $F$1:$AG$1, F12:AG12) | D12: =XLOOKUP($C$1, $F$1:$AG$1, G12:AH12)
A13: Serving Configuration and Strategy | C13: =XLOOKUP($C$1, $F$1:$AG$1, F13:AG13) | D13: =XLOOKUP($C$1, $F$1:$AG$1, G13:AH13)
A14: Sequence Length (Q) | B14: T | C14: =XLOOKUP($C$1, $F$1:$AG$1, F14:AG14) -> 1 | D14: =XLOOKUP($C$1, $F$1:$AG$1, G14:AH14) -> 1024 | F14: 1 | G14: =F17 -> 1024 | H14: 1 | I14: =H17 -> 1024 | J14: 1 | K14: =J17 -> 1024 | L14: 1 | M14: =L17 -> 1024 | N14: 1 | O14: =N17 -> 1024 | P14: 1 | Q14: =P17 -> 1024 | R14: 1 | S14: =R17 -> 1024 | T14: 1 | U14: =T17 -> 1024 | V14: 1 | W14: =V17 -> 1024 | X14: 1 | Y14: =X17 -> 1024 | Z14: 1 | AA14: =Z17 -> 1024 | AB14: 1 | AC14: =AB17 -> 1024
A15: Batch Size (power of 2) | B15: B | C15: =XLOOKUP($C$1, $F$1:$AG$1, F15:AG15) -> 2560 | D15: =XLOOKUP($C$1, $F$1:$AG$1, G15:AH15) -> 16 | F15: 896 | G15: 8 | H15: =2048+512 -> 2560 | I15: 16 | J15: =4096+2048+1024 -> 7168 | K15: 32 | L15: 12288 | M15: 64 | N15: =224*4 -> 896 | O15: 4 | P15: =2048+512 -> 2560 | Q15: 8 | R15: 7168 | S15: 16 | T15: 12288 | U15: 32 | V15: 8192 | W15: 16 | X15: =224*4 -> 896 | Y15: 8 | Z15: =2048+512 -> 2560 | AA15: 8 | AB15: =220*4 -> 880 | AC15: 4
A16: Sequence Length (KV) | B16: S | C16: =XLOOKUP($C$1, $F$1:$AG$1, F16:AG16) -> 9216 | D16: =XLOOKUP($C$1, $F$1:$AG$1, G16:AH16) -> 1024 | F16: =9*1024 -> 9216 | G16: =G14 -> 1024 | H16: =1024+8192 -> 9216 | I16: =I14 -> 1024 | J16: =9*1024 -> 9216 | K16: =K14 -> 1024 | L16: =1024+8192 -> 9216 | M16: =M14 -> 1024 | N16: =9*1024 -> 9216 | O16: =O14 -> 1024 | P16: =1024+8192 -> 9216 | Q16: =Q14 -> 1024 | R16: =9*1024 -> 9216 | S16: =S14 -> 1024 | T16: =9*1024 -> 9216 | U16: =U14 -> 1024 | V16: =1024+8192 -> 9216 | W16: =W14 -> 1024 | X16: =1024+8192 -> 9216 | Y16: =Y14 -> 1024 | Z16: =1024+8192 -> 9216 | AA16: =AA14 -> 1024 | AB16: =6*1024 -> 6144 | AC16: =AC14 -> 1024
A17: Sequence Length (KV) - First Token Decode | B17: S_first | C17: =XLOOKUP($C$1, $F$1:$AG$1, F17:AG17) -> 1024 | D17: =XLOOKUP($C$1, $F$1:$AG$1, G17:AH17) -> N/A | F17: 1024 | G17: N/A | H17: 1024 | I17: N/A | J17: 1024 | K17: N/A | L17: 1024 | M17: N/A | N17: 1024 | O17: N/A | P17: 1024 | Q17: N/A | R17: 1024 | S17: N/A | T17: 1024 | U17: N/A | V17: 1024 | W17: N/A | X17: 1024 | Y17: N/A | Z17: 1024 | AA17: N/A | AB17: 1024 | AC17: N/A
A18: Scheduler Latency Overhead | C18: =XLOOKUP($C$1, $F$1:$AG$1, F18:AG18) -> 0 | D18: =XLOOKUP($C$1, $F$1:$AG$1, G18:AH18) -> 0 | F18: 0 | G18: 0 | H18: 0 | I18: 0 | J18: 0 | K18: 0 | L18: 0 | M18: 0 | N18: 0 | O18: 0 | P18: 0 | Q18: 0 | R18: 0 | S18: 0 | T18: 0 | U18: 0 | V18: 0 | W18: 0 | X18: 0 | Y18: 0 | Z18: 0 | AA18: 0 | AB18: 0 | AC18: 0
A19: Roofline Discount Rate | C19: =XLOOKUP($C$1, $F$1:$AG$1, F19:AG19) -> 1 | D19: =XLOOKUP($C$1, $F$1:$AG$1, G19:AH19) -> 1 | F19: 1 | G19: 1 | H19: 1 | I19: 1 | J19: 1 | K19: 1 | L19: 1 | M19: 1 | N19: 1 | O19: 1 | P19: 1 | Q19: 1 | R19: 1 | S19: 1 | T19: 1 | U19: 1 | V19: 1 | W19: 1 | X19: 1 | Y19: 1 | Z19: 1 | AA19: 1 | AB19: 1 | AC19: 1
A20: Flash Attention Enabled | B20: flash_attn | C20: =XLOOKUP($C$1, $F$1:$AG$1, F20:AG20) -> TRUE | D20: =XLOOKUP($C$1, $F$1:$AG$1, G20:AH20) -> TRUE | F20: TRUE | G20: TRUE | H20: TRUE | I20: TRUE | J20: TRUE | K20: TRUE | L20: TRUE | M20: TRUE | N20: TRUE | O20: TRUE | P20: TRUE | Q20: TRUE | R20: TRUE | S20: TRUE | T20: TRUE | U20: TRUE | V20: TRUE | W20: TRUE | X20: TRUE | Y20: TRUE | Z20: TRUE | AA20: TRUE | AB20: TRUE | AC20: TRUE
A21: Enforce Perfect Expert Routing | B21: enforce_perfect_expert_routing | C21: =XLOOKUP($C$1, $F$1:$AG$1, F21:AG21) -> TRUE | D21: =XLOOKUP($C$1, $F$1:$AG$1, G21:AH21) -> TRUE | F21: TRUE | G21: TRUE | H21: TRUE | I21: TRUE | J21: TRUE | K21: TRUE | L21: TRUE | M21: TRUE | N21: TRUE | O21: TRUE | P21: TRUE | Q21: TRUE | R21: TRUE | S21: TRUE | T21: TRUE | U21: TRUE | V21: TRUE | W21: TRUE | X21: TRUE | Y21: TRUE | Z21: TRUE | AA21: TRUE | AB21: TRUE | AC21: TRUE
A22: MOE Token Dispatch Strategy | C22: =XLOOKUP($C$1, $F$1:$AG$1, F22:AG22) -> Strategy C: Hirarachical All-Gather | D22: =XLOOKUP($C$1, $F$1:$AG$1, G22:AH22) -> Strategy C: Hirarachical All-Gather | F22: Strategy C: Hirarachical All-Gather | G22: Strategy C: Hirarachical All-Gather | H22: Strategy C: Hirarachical All-Gather | I22: Strategy C: Hirarachical All-Gather | J22: Strategy C: Hirarachical All-Gather | K22: Strategy C: Hirarachical All-Gather | L22: Strategy A: All-To-All | M22: Strategy A: All-To-All | N22: Strategy A: All-To-All | O22: Strategy A: All-To-All | P22: Strategy A: All-To-All | Q22: Strategy A: All-To-All | R22: Strategy A: All-To-All | S22: Strategy A: All-To-All | T22: Strategy A: All-To-All | U22: Strategy A: All-To-All | V22: Strategy A: All-To-All | W22: Strategy A: All-To-All | X22: Strategy A: All-To-All | Y22: Strategy A: All-To-All | Z22: Strategy A: All-To-All | AA22: Strategy A: All-To-All | AB22: Strategy A: All-To-All | AC22: Strategy A: All-To-All
A23: MOE Token Collect Strategy | C23: =XLOOKUP($C$1, $F$1:$AG$1, F23:AG23) -> Option C: Hierachical RS | D23: =XLOOKUP($C$1, $F$1:$AG$1, G23:AH23) -> Option C: Hierachical RS | F23: Option C: Hierachical RS | G23: Option C: Hierachical RS | H23: Option C: Hierachical RS | I23: Option C: Hierachical RS | J23: Option C: Hierachical RS | K23: Option C: Hierachical RS | L23: Option A: Transposed All-To-All | M23: Option A: Transposed All-To-All | N23: Option A: Transposed All-To-All | O23: Option A: Transposed All-To-All | P23: Option A: Transposed All-To-All | Q23: Option A: Transposed All-To-All | R23: Option A: Transposed All-To-All | S23: Option A: Transposed All-To-All | T23: Option A: Transposed All-To-All | U23: Option A: Transposed All-To-All | V23: Option A: Transposed All-To-All | W23: Option A: Transposed All-To-All | X23: Option A: Transposed All-To-All | Y23: Option A: Transposed All-To-All | Z23: Option A: Transposed All-To-All | AA23: Option A: Transposed All-To-All | AB23: Option A: Transposed All-To-All | AC23: Option A: Transposed All-To-All
A24: MOE Collective Overlap Strategy | C24: =XLOOKUP($C$1, $F$1:$AG$1, F24:AG24) -> OptionA. No Overlapping | D24: =XLOOKUP($C$1, $F$1:$AG$1, G24:AH24) -> OptionA. No Overlapping | F24: OptionA. No Overlapping | G24: OptionA. No Overlapping | H24: OptionA. No Overlapping | I24: OptionA. No Overlapping | J24: OptionA. No Overlapping | K24: OptionA. No Overlapping | L24: OptionA. No Overlapping | M24: OptionA. No Overlapping | N24: OptionA. No Overlapping | O24: OptionA. No Overlapping | P24: OptionA. No Overlapping | Q24: OptionA. No Overlapping | R24: OptionA. No Overlapping | S24: OptionA. No Overlapping | T24: OptionA. No Overlapping | U24: OptionA. No Overlapping | V24: OptionA. No Overlapping | W24: OptionA. No Overlapping | X24: OptionA. No Overlapping | Y24: OptionA. No Overlapping | Z24: OptionA. No Overlapping | AA24: OptionA. No Overlapping | AB24: OptionA. No Overlapping | AC24: OptionA. No Overlapping
C25: =XLOOKUP($C$1, $F$1:$AG$1, F25:AG25) | D25: =XLOOKUP($C$1, $F$1:$AG$1, G25:AH25)
A26: Numerics | C26: =XLOOKUP($C$1, $F$1:$AG$1, F26:AG26) | D26: =XLOOKUP($C$1, $F$1:$AG$1, G26:AH26)
A27: KV Cache dtype | B27: kv_dtype | C27: =XLOOKUP($C$1, $F$1:$AG$1, F27:AG27) -> fp8 | D27: =XLOOKUP($C$1, $F$1:$AG$1, G27:AH27) -> fp8 | F27: fp8 | G27: fp8 | H27: fp8 | I27: fp8 | J27: fp8 | K27: fp8 | L27: fp8 | M27: fp8 | N27: fp8 | O27: fp8 | P27: fp8 | Q27: fp8 | R27: fp8 | S27: fp8 | T27: fp8 | U27: fp8 | V27: fp8 | W27: fp8 | X27: fp8 | Y27: fp8 | Z27: fp8 | AA27: fp8 | AB27: fp8 | AC27: fp8
A28: Attention Projections Numeric | B28: attn_proj_dtype | C28: =XLOOKUP($C$1, $F$1:$AG$1, F28:AG28) -> w8a8 | D28: =XLOOKUP($C$1, $F$1:$AG$1, G28:AH28) -> w8a8 | F28: w8a8 | G28: w8a8 | H28: w8a8 | I28: w8a8 | J28: w8a8 | K28: w8a8 | L28: w8a8 | M28: w8a8 | N28: w16a16 | O28: w16a16 | P28: w16a16 | Q28: w16a16 | R28: w16a16 | S28: w16a16 | T28: w16a16 | U28: w16a16 | V28: w16a16 | W28: w16a16 | X28: w16a16 | Y28: w16a16 | Z28: w16a16 | AA28: w16a16 | AB28: w16a16 | AC28: w16a16
A29: Attention Output Projection Numerics | B29: attn_oproj_dtype | C29: =XLOOKUP($C$1, $F$1:$AG$1, F29:AG29) -> w8a8 | D29: =XLOOKUP($C$1, $F$1:$AG$1, G29:AH29) -> w8a8 | F29: w8a8 | G29: w8a8 | H29: w8a8 | I29: w8a8 | J29: w8a8 | K29: w8a8 | L29: w8a8 | M29: w8a8 | N29: w4a4 | O29: w4a4 | P29: w4a4 | Q29: w4a4 | R29: w4a4 | S29: w4a4 | T29: w4a4 | U29: w4a4 | V29: w4a4 | W29: w4a4 | X29: w4a4 | Y29: w4a4 | Z29: w4a4 | AA29: w4a4 | AB29: w4a4 | AC29: w4a4
A30: Attention "K" numeric from KV | B30: attn_kv_k_dtype | C30: =XLOOKUP($C$1, $F$1:$AG$1, F30:AG30) -> fp8 | D30: =XLOOKUP($C$1, $F$1:$AG$1, G30:AH30) -> fp8 | F30: fp8 | G30: fp8 | H30: fp8 | I30: fp8 | J30: fp8 | K30: fp8 | L30: fp8 | M30: fp8 | N30: fp8 | O30: fp8 | P30: fp8 | Q30: fp8 | R30: fp8 | S30: fp8 | T30: fp8 | U30: fp8 | V30: fp8 | W30: fp8 | X30: fp8 | Y30: fp8 | Z30: fp8 | AA30: fp8 | AB30: fp8 | AC30: fp8
A31: Attention "A" numeric from AV | B31: attn_av_a_dtype | C31: =XLOOKUP($C$1, $F$1:$AG$1, F31:AG31) -> fp8 | D31: =XLOOKUP($C$1, $F$1:$AG$1, G31:AH31) -> fp8 | F31: fp8 | G31: fp8 | H31: fp8 | I31: fp8 | J31: fp8 | K31: fp8 | L31: fp8 | M31: fp8 | N31: fp8 | O31: fp8 | P31: fp8 | Q31: fp8 | R31: fp8 | S31: fp8 | T31: fp8 | U31: fp8 | V31: fp8 | W31: fp8 | X31: fp8 | Y31: fp8 | Z31: fp8 | AA31: fp8 | AB31: fp8 | AC31: fp8
A32: Expert Dispatch Numeric | B32: expert_dispatch_dtype | C32: =XLOOKUP($C$1, $F$1:$AG$1, F32:AG32) -> fp8 | D32: =XLOOKUP($C$1, $F$1:$AG$1, G32:AH32) -> fp8 | F32: fp8 | G32: fp8 | H32: fp8 | I32: fp8 | J32: fp8 | K32: fp8 | L32: fp8 | M32: fp8 | N32: fp8 | O32: fp8 | P32: fp8 | Q32: fp8 | R32: fp8 | S32: fp8 | T32: fp8 | U32: fp8 | V32: fp8 | W32: fp8 | X32: fp8 | Y32: fp8 | Z32: fp8 | AA32: fp8 | AB32: fp8 | AC32: fp8
A33: MoE Numeric | B33: moe_dtype | C33: =XLOOKUP($C$1, $F$1:$AG$1, F33:AG33) -> w4a8 | D33: =XLOOKUP($C$1, $F$1:$AG$1, G33:AH33) -> w4a8 | F33: w4a8 | G33: w4a8 | H33: w4a8 | I33: w4a8 | J33: w4a8 | K33: w4a8 | L33: w4a8 | M33: w4a8 | N33: w4a4 | O33: w4a4 | P33: w4a4 | Q33: w4a4 | R33: w4a4 | S33: w4a4 | T33: w4a4 | U33: w4a4 | V33: w4a4 | W33: w4a4 | X33: w4a8 | Y33: w4a8 | Z33: w4a8 | AA33: w4a8 | AB33: w4a4 | AC33: w4a4
A34: Expert Collect Numeric | B34: expert_collect_dtype | C34: =XLOOKUP($C$1, $F$1:$AG$1, F34:AG34) -> bf16 | D34: =XLOOKUP($C$1, $F$1:$AG$1, G34:AH34) -> bf16 | F34: bf16 | G34: bf16 | H34: bf16 | I34: bf16 | J34: bf16 | K34: bf16 | L34: bf16 | M34: bf16 | N34: bf16 | O34: bf16 | P34: bf16 | Q34: bf16 | R34: bf16 | S34: bf16 | T34: bf16 | U34: bf16 | V34: bf16 | W34: bf16 | X34: bf16 | Y34: bf16 | Z34: bf16 | AA34: bf16 | AB34: bf16 | AC34: bf16
A36: Results
B38: Decode - First Token | C38: Decode - Last Token | D38: Prefill
A39: Memory Occupancy OK | B39: ='Decode First Token'!B94 -> TRUE | C39: ='Decode Last Token'!B94 -> TRUE | D39: =Prefill!B94 -> TRUE
A40: E2E Latency (s) | B40: ='Decode First Token'!B48 -> 0.024513179 | C40: ='Decode Last Token'!B48 -> 0.038873086 | D40: =Prefill!B48 -> 0.12789496
A41: Throughput (tokens/s) | B41: ='Decode First Token'!B49 -> 104433.62 | C41: ='Decode Last Token'!B49 -> 65855.332 | D41: =Prefill!B49 -> 128105.12
A42: Discounted Throughput (tokens/s) | B42: ='Decode First Token'!B50 -> 104433.62 | C42: ='Decode Last Token'!B50 -> 65855.332 | D42: =Prefill!B50 -> 128105.12
A43: Throughput (tokens/s/chip) | B43: ='Decode First Token'!B51 -> 13054.202 | C43: ='Decode Last Token'!B51 -> 8231.9165 | D43: =Prefill!B51 -> 16013.14
A45: Combined Results
A46: Input Seq Length | B46: =C17 -> 1024
A47: Output Seq Length | B47: =C16-C17 -> 8192
A49: Decode # Chips | B49: ='Decode Last Token'!G11 -> 8
A50: Decode Latency - All Tokens (s) | B50: =(B40+C40)*B47/2 -> 259.63014 | C50: Assume simple linear growth in per token latency from first to last token
A51: Decode Wt Avg Throughput (tokens/s/chip) | B51: =(C15*B47)/B50/B49 -> 10096.825 | C51: total tokens / latency all tokens / # chips
A53: Prefill QPS/chip | B53: =D43/B46 -> 15.637832
A54: Decode QPS/chip | B54: =B51/B47 -> 1.2325225
A55: Combined QPS/chip | B55: =1/(1/B53 + 1/B54) -> 1.1424763 | C55: Rate matching prefill and decode: combinedQpsPerChip=1 / ( 1 / prefillQpsPerChip + 1/decodeQpsPerChip)
A56: Prefill:Decode Ratio | B56: =B54/B53 -> 0.078816713 | C56: <1 means decode matters more, >1 means prefill matters more
A58: Combined tokens/s/chip | B58: =B55*sum(B46:B47) -> 10529.062
A59: Output tokens/s/chip | B59: =B55*B47 -> 9359.1659
A64: TODO:
A65: update for GPUs
A66: Support attention sharding (?)
A67: update a2a calculation
A68: prefill sheet
A69: aggregate prefill and decode
A70: account for increasing seq lengths in decode
A71: update GPU derating

Sheet Decode First Token
A1: Contact: donghyun@, gpolovets@, miliu@. Feedback/Bug reports are welcome!
A2: Description | B2: Symbol | C2: Value | F2: Sharding (Axis Name) | G2: # of Devices | H2: Notes | Q2: Size In Bytes | T2: MXU dtype
A3: Embedding Dimension | B3: D | C3: 7168 | F3: [ ↓ Configurable Values] | Q3: fp4 | R3: 0.5 | T3: =U3&","&V3 -> fp4,fp4 | U3: fp4 | V3: fp4 | W3: fp4
A4: Hidden Dimension | B4: F | C4: 2048 | F4: model | G4: ='Config and Summary'!$C8 -> 1 | Q4: fp8 | R4: 1 | T4: =U4&","&V4 -> fp4,fp8 | U4: fp4 | V4: fp8 | W4: fp8
A5: # of experts | B5: E | C5: 256 | F5: data | G5: ='Config and Summary'!$C9 -> 16 | H5: Also used for expert sharding for MoE | Q5: bf16 | R5: 2 | T5: =U5&","&V5 -> fp4,bf16 | U5: fp4 | V5: bf16 | W5: bf16
A6: # of Layers | B6: L | C6: 61 | F6: seq | G6: ='Config and Summary'!$C10 -> 1 | T6: =U6&","&V6 -> fp8,fp4 | U6: fp8 | V6: fp4 | W6: fp8
A7: # of Dense Layers | B7: DL | C7: 3 | F7: attn_model | G7: ='Config and Summary'!$C11 -> 1 | H7: Used if attention is replicated | T7: =U7&","&V7 -> fp8,fp8 | U7: fp8 | V7: fp8 | W7: fp8
A8: # of experts to be activated per token | B8: top_k | C8: 8 | F8: [ ↓ Derived Values]
A9: The dimension of the compressed latent vector for Query | B9: c_q | C9: 1536 | F9: data,model | G9: =G5*G4 -> 16 | T9: =U9&","&V9 -> fp8,bf16 | U9: fp8 | V9: bf16 | W9: bf16
A10: The dimension of the compressed latent vector for KV | B10: c_kv | C10: 512 | F10: Total # of devices | G10: =PRODUCT(G3:G6) -> 16 | T10: =U10&","&V10 -> bf16,fp4 | U10: bf16 | V10: fp4 | W10: bf16
A11: The dimension of Non-RoPE part of the query head | B11: h_nope | C11: 128 | F11: Total # of chips | G11: =$G$10/$H$18 -> 8 | T11: =U11&","&V11 -> bf16,fp8 | U11: bf16 | V11: fp8 | W11: bf16
A12: The dimension of the RoPE part of the query head | B12: h_rope | C12: 64 | T12: bf16,bf16 | U12: bf16 | V12: bf16 | W12: bf16
A13: The number of Attention Heads (Query) | B13: n_q | C13: 128
A14: [ ↓ Derived parameters]
A15: h_nope+h_rope | B15: h_nope+h_rope | C15: =$C$11+$C$12 -> 192
A16: c_kv+h_rope | B16: c_kv+h_rope | C16: =$C$10+$C$12 -> 576
A17: # of Duplicated tokens (top_k times) | B17: kT | C17: =C8*$C$25 -> 8 | F17: Hardware Spec | H17: ='Config and Summary'!C4 -> GhostFish (P3) Derated
A18: # of Devices | B18: num_devices | C18: =$G$10 -> 16 | F18: {=DB!A2:A16} -> # of TensorCore per Chip | H18: {=xlookup($H$17,DB!1:1,DB!2:16)} -> 2
A19: # of Chips | B19: num_chips | C19: =$G$11 -> 8 | F19: Per-Chip HBM-BW (GB/s) | H19: 6729.8
A20: [TPU] Assumed Topology | B20: topo | C20: =vlookup(C19, DB!$A$26:$F$31, 5, False) -> 2x2x2 | F20: Per-Chip TFLOPS (fp4) | H20: 3571.236
A21: [TPU] Total # of Bidir Links | B21: num_links_in_topo | C21: =vlookup(C19, DB!$A$26:$F$31, 6, False) -> 12 | F21: Per-Chip TFLOPS (fp8) | H21: 3571.236
F22: Per-Chip TFLOPS (fp16) | H22: 1785.618
A23: [ ↓ Configurable parameters] | F23: Per-Chip HBM Capacity (GiB) | H23: 192
A24: Regime | B24: R | C24: Decode | F24: Per-Core HBM-BW (GB/s) | H24: 3364.9
A25: Sequence Length (Q) | B25: T | C25: ='Config and Summary'!C14 -> 1 | F25: Per-Core TFLOPS (fp4) | H25: 1785.618
A26: Batch Size (power of 2) | B26: B | C26: ='Config and Summary'!C15 -> 2560 | F26: Per-Core TFLOPS (fp8) | H26: 1785.618
A27: Sequence Length (KV) | B27: S | C27: ='Config and Summary'!C17 -> 1024 | D27: Use the first token KV length | F27: Per-Core TFLOPS (bf16) | H27: 892.809
A28: Scheduler Latency Overhead | C28: ='Config and Summary'!C18 -> 0 | F28: Per-Core HBM Capacity (GiB) | H28: 96
A29: Roofline Discount Rate | C29: ='Config and Summary'!C19 -> 1 | F29: Core-to-Core ICI Bandwidth (uni, GB/s) | H29: 600
A30: Flash Attention Enabled | B30: flash_attn | C30: ='Config and Summary'!C20 -> TRUE | F30: Chip-to-Chip ICI Bandwidth (uni, GB/s) | H30: 80
A31: Enforce Perfect Expert Routing | B31: enforce_perfect_expert_routing | C31: ='Config and Summary'!C21 -> TRUE | F31: Chip-to-Chip ICI Latency (ms) | H31: 0.0013
A32: [ ↓ Configurable Numeric] | F32: Min MXU Contracting Dim | H32: 256
A33: KV Cache dtype | B33: kv_dtype | C33: ='Config and Summary'!C27 -> fp8
A34: Attention Projections Numeric | B34: attn_proj_dtype | C34: ='Config and Summary'!C28 -> w8a8
A35: Attention Output Projection Numerics | B35: attn_oproj_dtype | C35: ='Config and Summary'!C29 -> w8a8
A36: Attention "K" numeric from KV | B36: attn_kv_k_dtype | C36: ='Config and Summary'!C30 -> fp8
A37: Attention "A" numeric from AV | B37: attn_av_a_dtype | C37: ='Config and Summary'!C31 -> fp8
A38: Expert Dispatch Numeric | B38: expert_dispatch_dtype | C38: ='Config and Summary'!C32 -> fp8
A39: MoE Numeric | B39: moe_dtype | C39: ='Config and Summary'!C33 -> w4a8
A40: Expert Collect Numeric | B40: expert_collect_dtype | C40: ='Config and Summary'!C34 -> bf16
A42: Use Measured NCCL Lookup Table | B42: use_nccl_lookup | C42: ='Config and Summary'!C5 -> FALSE
A44: 💡Top Line Metrics
A45: Metric Name | B45: ="Value (" & H17 & ")" -> Value (GhostFish (P3) Derated)
A46: # of Tokens | B46: =$C26*$C25 -> 2560
A47: # Devices | B47: =G10 -> 16
A48: E2E Latency (s) | B48: =$G$76/1000 * $C$6 -> 0.024513179
A49: Throughput (tokens/s) | B49: =$B$46/$B$48 -> 104433.62
A50: Discounted Throughput (tokens/s) | B50: =B46/(B48*(1+C28))*C29 -> 104433.62
A51: Throughput (tokens/s/chip) | B51: =B50/$G$11 -> 13054.202
G53: =sum(G57:G60)+G67+G69 -> 0.067096454
A55: ⚡Roofline Summary
A56: Category | B56: Op Name | C56: Memory Time (ms) | D56: Compute Time (ms) | E56: ICI Latency Time (ms) | F56: ICI BW Time (ms) | G56: Roofline Time (ms) | H56: Boundness | J56: % Sum | K56: ICI Overlap?
A57: MLA | B57: Q Down Proj | C57: =$H$141 -> 0.0035007831 | D57: =$H$139 -> 0.001973107 | E57: =$H$136 -> 0 | F57: =H134 -> 0 | G57: =IF(K57,max(C57:F57), max(C57:D57)+max(E57:F57)) -> 0.0035007831 | H57: =LET(maxtime, MAX(C57:F57), IFS(maxtime=0, "", C57=maxtime, "HBM", D57=maxtime, "Compute", E57=maxtime, "ICI Lt", F57=maxtime, "ICI BW")) -> HBM | J57: =G57/$G$74 -> 0.0087115494 | K57: TRUE
A58: MLA | B58: Q Up Proj | C58: =$H$168 -> 0.012692606 | D58: =$H$166 -> 0.0067649383 | F58: =H163 -> 0 | G58: =IF(K58,max(C58:F58), max(C58:D58)+max(E58:F58)) -> 0.012692606 | H58: =LET(maxtime, MAX(C58:F58), IFS(maxtime=0, "", C58=maxtime, "HBM", D58=maxtime, "Compute", E58=maxtime, "ICI Lt", F58=maxtime, "ICI BW")) -> HBM | J58: =G58/$G$74 -> 0.031585009 | K58: TRUE
A59: MLA | B59: Q Proj to K (K weight absoption) | C59: =$H$187 -> 0.0088517211 | D59: =$H$185 -> 0.0030066392 | G59: =IF(K59,max(C59:F59), max(C59:D59)+max(E59:F59)) -> 0.0088517211 | H59: =LET(maxtime, MAX(C59:F59), IFS(maxtime=0, "", C59=maxtime, "HBM", D59=maxtime, "Compute", E59=maxtime, "ICI Lt", F59=maxtime, "ICI BW")) -> HBM | J59: =G59/$G$74 -> 0.02202713
A60: MLA | B60: KV Down Proj | C60: =$H$206 -> 0.0015111865 | D60: =$H$204 -> 0.00073991512 | G60: =IF(K60,max(C60:F60), max(C60:D60)+max(E60:F60)) -> 0.0015111865 | H60: =LET(maxtime, MAX(C60:F60), IFS(maxtime=0, "", C60=maxtime, "HBM", D60=maxtime, "Compute", E60=maxtime, "ICI Lt", F60=maxtime, "ICI BW")) -> HBM | J60: =G60/$G$74 -> 0.0037605231
A61: MLA | B61: AllGather KV | F61: =$H$236 -> 0 | G61: =IF(K61,max(C61:F61), max(C61:D61)+max(E61:F61)) -> 0 | H61: =LET(maxtime, MAX(C61:F61), IFS(maxtime=0, "", C61=maxtime, "HBM", D61=maxtime, "Compute", E61=maxtime, "ICI Lt", F61=maxtime, "ICI BW")) | J61: =G61/$G$74 -> 0
A62: MLA | B62: FlashAttention | C62: =SUM(C64:C66) -> 0.035189219 | D62: =SUM(D64:D66) -> 0.030066392 | G62: =IF(PARAMS("flash_attn"),MAX(C62:F62),0) -> 0.035189219 | H62: =LET(maxtime, MAX(C62:F62), IFS(maxtime=0, "", C62=maxtime, "HBM", D62=maxtime, "Compute", E62=maxtime, "ICI Lt", F62=maxtime, "ICI BW")) -> HBM | J62: =G62/$G$74 -> 0.08756687
A63: MLA | B63: VanillaAttention | G63: =IF(PARAMS("flash_attn"),0,SUM(G64:G66)) -> 0 | H63: =LET(maxtime, MAX(C63:F63), IFS(maxtime=0, "", C63=maxtime, "HBM", D63=maxtime, "Compute", E63=maxtime, "ICI Lt", F63=maxtime, "ICI BW")) | J63: =G63/$G$74 -> 0
A64: MLA | B64: |- QK (nope) | C64: =$H$255 -> 0.026119833 | D64: =$H$253 -> 0.012026557 | G64: =max(C64:F64) -> 0.026119833 | H64: =LET(maxtime, MAX(C64:F64), IFS(maxtime=0, "", C64=maxtime, "HBM", D64=maxtime, "Compute", E64=maxtime, "ICI Lt", F64=maxtime, "ICI BW")) -> HBM
A65: MLA | B65: |- QK (rope) | C65: =$H$274 -> 0.0032649791 | D65: =$H$272 -> 0.0060132785 | G65: =max(C65:F65) -> 0.0060132785 | H65: =LET(maxtime, MAX(C65:F65), IFS(maxtime=0, "", C65=maxtime, "HBM", D65=maxtime, "Compute", E65=maxtime, "ICI Lt", F65=maxtime, "ICI BW")) -> Compute
A66: MLA | B66: |- AV | C66: =$H$293 -> 0.0058044073 | D66: =$H$291 -> 0.012026557 | G66: =max(C66:F66) -> 0.012026557 | H66: =LET(maxtime, MAX(C66:F66), IFS(maxtime=0, "", C66=maxtime, "HBM", D66=maxtime, "Compute", E66=maxtime, "ICI Lt", F66=maxtime, "ICI BW")) -> Compute
A67: MLA | B67: V Up Proj (Weight Absorption) | C67: =H312 -> 0.0066750684 | D67: =H310 -> 0.0015033196 | G67: =IF(K67,max(C67:F67), max(C67:D67)+max(E67:F67)) -> 0.0066750684 | H67: =LET(maxtime, MAX(C67:F67), IFS(maxtime=0, "", C67=maxtime, "HBM", D67=maxtime, "Compute", E67=maxtime, "ICI Lt", F67=maxtime, "ICI BW")) -> HBM | J67: =G67/$G$74 -> 0.016610623 | K67: TRUE
A68: MLA | B68: AllGather | F68: =$G$327 -> 0 | G68: =IF(K68,max(C68:F68), max(C68:D68)+max(E68:F68)) -> 0 | H68: =LET(maxtime, MAX(C68:F68), IFS(maxtime=0, "", C68=maxtime, "HBM", D68=maxtime, "Compute", E68=maxtime, "ICI Lt", F68=maxtime, "ICI BW")) | J68: =G68/$G$74 -> 0
A69: MLA | B69: O Proj | C69: =H354 -> 0.033865089 | D69: =H352 -> 0.021046475 | F69: =$H$349 -> 0 | G69: =IF(K69,max(C69:F69), max(C69:D69)+max(E69:F69)) -> 0.033865089 | H69: =LET(maxtime, MAX(C69:F69), IFS(maxtime=0, "", C69=maxtime, "HBM", D69=maxtime, "Compute", E69=maxtime, "ICI Lt", F69=maxtime, "ICI BW")) -> HBM | J69: =G69/$G$74 -> 0.084271828 | K69: TRUE
A70: MoE | B70: Dispatch | E70: =$H$406 -> 0.0039 | F70: =$H$404 -> 0.064086914 | G70: =IF(K70,max(C70:F70), max(C70:D70)+max(E70:F70)) -> 0.064086914 | H70: =LET(maxtime, MAX(C70:F70), IFS(maxtime=0, "", C70=maxtime, "HBM", D70=maxtime, "Compute", E70=maxtime, "ICI Lt", F70=maxtime, "ICI BW")) -> ICI BW | J70: =G70/$G$74 -> 0.15947755
A71: MoE | B71: Gating x 2 + Act | C71: =$H$454 -> 0.068999891 | D71: =$H$452 -> 0.042092949 | F71: =$H$444 -> 0 | G71: =IF(K71,max(C71:F71), max(C71:D71)+max(E71:F71)) -> 0.068999891 | H71: =LET(maxtime, MAX(C71:F71), IFS(maxtime=0, "", C71=maxtime, "HBM", D71=maxtime, "Compute", E71=maxtime, "ICI Lt", F71=maxtime, "ICI BW")) -> HBM | J71: =G71/$G$74 -> 0.17170329 | K71: TRUE
A72: MoE | B72: Linear | C72: =$H$490 -> 0.038309088 | D72: =$H$488 -> 0.021046475 | F72: =$H$479 -> 0 | G72: =IF(K72,max(C72:F72), max(C72:D72)+max(E72:F72)) -> 0.038309088 | H72: =LET(maxtime, MAX(C72:F72), IFS(maxtime=0, "", C72=maxtime, "HBM", D72=maxtime, "Compute", E72=maxtime, "ICI Lt", F72=maxtime, "ICI BW")) -> HBM | J72: =G72/$G$74 -> 0.095330531 | K72: TRUE
A73: MoE | B73: Collect | E73: =$H$538 -> 0.0039 | F73: =$H$536 -> 0.12817383 | G73: =IF(K73,max(C73:F73), max(C73:D73)+max(E73:F73)) -> 0.12817383 | H73: =LET(maxtime, MAX(C73:F73), IFS(maxtime=0, "", C73=maxtime, "HBM", D73=maxtime, "Compute", E73=maxtime, "ICI Lt", F73=maxtime, "ICI BW")) -> ICI BW | J73: =G73/$G$74 -> 0.3189551
E74: Overlapping Strategy | F74: OptionA. No Overlapping | G74: =SUM(G57:G63,G67:G73) -> 0.40185539 | J74: =G74/$G$74 -> 1
F75: OptionB. Overlapping Expert Collectives | G75: =SUM(G57:G63,G67:G69)+MAX(G70:G71)+MAX(G72:G73) -> 0.29945939
A76: TOTAL | E76: Selected Strategy | F76: ='Config and Summary'!C24 -> OptionA. No Overlapping | G76: =IF(F76=F74,G74,G75) -> 0.40185539
A79: 💾 Memory Occupancy | E79: 🔍 Detailed Op Analysis 1 - MLA (Multi-head Latent Attention)
A80: Key | B80: Value | C80: Notes | E80: Operation | F80: Details | I80: Dimensions | O80: dtype | P80: Size(MiB) | Q80: VMEM Prefetched /Pinned
A81: Attention Weights, Global (GiB) | B81: =SUM(P90,P147,P174,P193,P299,P333) * PARAMS("L") / 1024 -> 10.629578 | E81: 0. Activation Before Attention Layer | F81: Activation Tensor | H81: Dimension Name | I81: ( | K81: B | L81: T | M81: D | N81: ) | O81: fp8
A82: MoE Weights, Global (GiB) | B82: =SUM($P$362,$P$460) * PARAMS("L") / 1024 -> 115.08984 | H82: Global Shape | I82: ( | K82: =PARAMS(K81) -> 2560 | L82: =PARAMS(L81) -> 1 | M82: =PARAMS(M81) -> 7168 | N82: ) | P82: =SIZEOF_IN_MIB(J82:M82, $O81) -> 17.5
A83: Other Weights, Global (GiB) | H83: Sharding | I83: ( | K83: data,model | N83: )
A84: KV Cache Size, Global (GiB) | B84: =SIZEOF_IN_MIB(PARAMS("B")*PARAMS("S")*PARAMS("L")*(PARAMS("c_kv")+PARAMS("h_rope")), PARAMS("kv_dtype"))/1024 -> 85.78125 | H84: Local Shape (per-core) | I84: ( | K84: =K82/SHARDING(K83) -> 160 | L84: =L82/SHARDING(L83) -> 1 | M84: =M82/SHARDING(M83) -> 7168 | N84: ) | P84: =SIZEOF_IN_MIB(J84:M84, $O81) -> 1.09375
A85: Intermediate Activation Tensors, Global (GiB) | B85: =MAX(P90,P109,P139,P166,P185,P204,P253,P272,P291,P307,P369,P419,P504,P524)/1024 -> 0.010253906 | E85: 1. Q Down Proj | F85: LHS | H85: Dimension Name | I85: ( | K85: B | L85: T | M85: D | N85: ) | O85: =EXTRACT_ACTIVATION_DTYPE(PARAMS("attn_proj_dtype")) -> fp8 | Q85: FALSE
A86: TOTAL (Global) | B86: =SUM(B81:B84) -> 211.50067 | C86: ="<=" & ($H$28 * PARAMS("num_devices")) & " (Capacity)?" -> <=1536 (Capacity)? | H86: Global Shape | I86: ( | K86: =PARAMS(K85) -> 2560 | L86: =PARAMS(L85) -> 1 | M86: =PARAMS(M85) -> 7168 | N86: ) | P86: =SIZEOF_IN_MIB(J86:M86, $O85) -> 17.5
H87: Sharding | I87: ( | K87: data,model | N87: )
A88: Attention Weights, Local (GiB) | B88: =SUM(P92,P149,P176,P195,P301,P335) * PARAMS("L") / 1024 -> 10.629578 | H88: Local Shape (per-core) | I88: ( | K88: =K86/SHARDING(K87) -> 160 | L88: =L86/SHARDING(L87) -> 1 | M88: =M86/SHARDING(M87) -> 7168 | N88: ) | P88: =SIZEOF_IN_MIB(J88:M88, $O85) -> 1.09375
A89: MoE Weights, Local (GiB) | B89: =SUM(P414,P462) * PARAMS("L") / 1024 -> 20.015625 | F89: RHS | H89: Dimension Name | I89: ( | L89: D | M89: c_q | N89: ) | O89: =EXTRACT_WEIGHT_DTYPE(PARAMS("attn_proj_dtype")) -> fp8 | Q89: FALSE
A90: Other Weights, Global (GiB) | H90: Global Shape | I90: ( | L90: =PARAMS(L89) -> 7168 | M90: =PARAMS(M89) -> 1536 | N90: ) | P90: =SIZEOF_IN_MIB(J90:M90, $O89) -> 10.5
A91: KV Cache Size, Local (GiB) | B91: =B84/PARAMS("num_devices") -> 5.3613281 | H91: Sharding | I91: ( | N91: )
A92: Intermediate Activation Tensors, Local (GiB) | B92: =MAX(P92,P111,P141,P168,P187,P206,P255,P274,P293,P309,P371,P421,P506,P526)/1024 -> 0.010253906 | H92: Local Shape (per-core) | I92: ( | L92: =L90/SHARDING(L91) -> 7168 | M92: =M90/SHARDING(M91) -> 1536 | N92: ) | P92: =SIZEOF_IN_MIB(J92:M92, $O89) -> 10.5
A93: TOTAL (Local) | B93: =SUM(B88:B91) -> 36.006531 | C93: ="<=" & ($H$28) & " (Capacity)?" -> <=96 (Capacity)? | F93: Output | H93: Dimension Name | I93: ( | K93: B | L93: T | M93: c_q | N93: ) | O93: bf16 | Q93: FALSE
A94: Memory Occupancy OK | B94: =if(B93 <= HW_SPEC("Per-Core HBM Capacity (GiB)"), TRUE, FALSE) -> TRUE | H94: Global Shape | I94: ( | K94: =PARAMS(K93) -> 2560 | L94: =PARAMS(L93) -> 1 | M94: =PARAMS(M93) -> 1536 | N94: ) | P94: =SIZEOF_IN_MIB(K94:M94, $O93) -> 7.5
H95: Sharding | I95: ( | K95: data,model | N95: )
H96: Local Shape (per-core) | I96: ( | K96: =K94/SHARDING(K95) -> 160 | L96: =L94/SHARDING(L95) -> 1 | M96: =M94/SHARDING(M95) -> 1536 | N96: ) | P96: =SIZEOF_IN_MIB(K96:M96, $O93) -> 0.46875
F97: Pre-operation Collectives | G97: Transferring Tensor | H97: Dimension Name | I97: ( | J97: {=J81:M84} | K97: B | L97: T | M97: D | N97: ) | O97: =O85 -> fp8
H98: Global Shape | I98: ( | K98: 2560 | L98: 1 | M98: 7168 | N98: ) | P98: =SIZEOF_IN_MIB(J98:M98, O97) -> 17.5
H99: Source Sharding | I99: ( | K99: data,model | N99: )
H100: Source Local Shape (per-core) | I100: ( | K100: 160 | L100: 1 | M100: 7168 | N100: ) | P100: =SIZEOF_IN_MIB(J100:M100, O97) -> 1.09375
H101: Target Sharding | I101: ( | N101: )
G102: Strategy A: All-Gather Tokens with no chiplet involved
G103: # of devices involved | H103: =SHARDING(K99)*SHARDING(L99)*SHARDING(M99) -> 16
G104: Per-device: Data transferred from a device (MiB) | H104: =P100 * (H103-1) -> 16.40625
G105: Global Traffic Size (MiB) | H105: =H104*H103 -> 262.5
G106: # of Links involved | H106: =IFS(H103=8,12, H103=4,4, H103=2,1, H103=1,0, TRUE,NA()) -> #N/A
...

Sheet Decode Last Token
A1: Contact: donghyun@, gpolovets@, miliu@. Feedback/Bug reports are welcome!
A2: Description | B2: Symbol | C2: Value | F2: Sharding (Axis Name) | G2: # of Devices | H2: Notes | Q2: Size In Bytes | T2: MXU dtype
A3: Embedding Dimension | B3: D | C3: 7168 | F3: [ ↓ Configurable Values] | Q3: fp4 | R3: 0.5 | T3: =U3&","&V3 -> fp4,fp4 | U3: fp4 | V3: fp4 | W3: fp4
A4: Hidden Dimension | B4: F | C4: 2048 | F4: model | G4: ='Config and Summary'!$C8 -> 1 | Q4: fp8 | R4: 1 | T4: =U4&","&V4 -> fp4,fp8 | U4: fp4 | V4: fp8 | W4: fp8
A5: # of experts | B5: E | C5: 256 | F5: data | G5: ='Config and Summary'!$C9 -> 16 | H5: Also used for expert sharding for MoE | Q5: bf16 | R5: 2 | T5: =U5&","&V5 -> fp4,bf16 | U5: fp4 | V5: bf16 | W5: bf16
A6: # of Layers | B6: L | C6: 61 | F6: seq | G6: ='Config and Summary'!$C10 -> 1 | T6: =U6&","&V6 -> fp8,fp4 | U6: fp8 | V6: fp4 | W6: fp8
A7: # of Dense Layers | B7: DL | C7: 3 | F7: attn_model | G7: ='Config and Summary'!$C11 -> 1 | H7: Used if attention is replicated | T7: =U7&","&V7 -> fp8,fp8 | U7: fp8 | V7: fp8 | W7: fp8
A8: # of experts to be activated per token | B8: top_k | C8: 8 | F8: [ ↓ Derived Values]
A9: The dimension of the compressed latent vector for Query | B9: c_q | C9: 1536 | F9: data,model | G9: =G5*G4 -> 16 | T9: =U9&","&V9 -> fp8,bf16 | U9: fp8 | V9: bf16 | W9: bf16
A10: The dimension of the compressed latent vector for KV | B10: c_kv | C10: 512 | F10: Total # of devices | G10: =PRODUCT(G3:G6) -> 16 | T10: =U10&","&V10 -> bf16,fp4 | U10: bf16 | V10: fp4 | W10: bf16
A11: The dimension of Non-RoPE part of the query head | B11: h_nope | C11: 128 | F11: Total # of chips | G11: =$G$10/$H$18 -> 8 | T11: =U11&","&V11 -> bf16,fp8 | U11: bf16 | V11: fp8 | W11: bf16
A12: The dimension of the RoPE part of the query head | B12: h_rope | C12: 64 | T12: bf16,bf16 | U12: bf16 | V12: bf16 | W12: bf16
A13: The number of Attention Heads (Query) | B13: n_q | C13: 128
A14: [ ↓ Derived parameters]
A15: h_nope+h_rope | B15: h_nope+h_rope | C15: =$C$11+$C$12 -> 192
A16: c_kv+h_rope | B16: c_kv+h_rope | C16: =$C$10+$C$12 -> 576
A17: # of Duplicated tokens (top_k times) | B17: kT | C17: =C8*$C$25 -> 8 | F17: Hardware Spec | H17: ='Config and Summary'!C4 -> GhostFish (P3) Derated
A18: # of Devices | B18: num_devices | C18: =$G$10 -> 16 | F18: {=DB!A2:A16} -> # of TensorCore per Chip | H18: {=xlookup($H$17,DB!1:1,DB!2:16)} -> 2
A19: # of Chips | B19: num_chips | C19: =$G$11 -> 8 | F19: Per-Chip HBM-BW (GB/s) | H19: 6729.8
A20: [TPU] Assumed Topology | B20: topo | C20: =vlookup(C19, DB!$A$26:$F$31, 5, False) -> 2x2x2 | F20: Per-Chip TFLOPS (fp4) | H20: 3571.236
A21: [TPU] Total # of Bidir Links | B21: num_links_in_topo | C21: =vlookup(C19, DB!$A$26:$F$31, 6, False) -> 12 | F21: Per-Chip TFLOPS (fp8) | H21: 3571.236
F22: Per-Chip TFLOPS (fp16) | H22: 1785.618
A23: [ ↓ Configurable parameters] | F23: Per-Chip HBM Capacity (GiB) | H23: 192
A24: Regime | B24: R | C24: Decode | F24: Per-Core HBM-BW (GB/s) | H24: 3364.9
A25: Sequence Length (Q) | B25: T | C25: ='Config and Summary'!C14 -> 1 | F25: Per-Core TFLOPS (fp4) | H25: 1785.618
A26: Batch Size (power of 2) | B26: B | C26: ='Config and Summary'!C15 -> 2560 | F26: Per-Core TFLOPS (fp8) | H26: 1785.618
A27: Sequence Length (KV) | B27: S | C27: ='Config and Summary'!C16 -> 9216 | F27: Per-Core TFLOPS (bf16) | H27: 892.809
A28: Scheduler Latency Overhead | C28: ='Config and Summary'!C18 -> 0 | F28: Per-Core HBM Capacity (GiB) | H28: 96
A29: Roofline Discount Rate | C29: ='Config and Summary'!C19 -> 1 | F29: Core-to-Core ICI Bandwidth (uni, GB/s) | H29: 600
A30: Flash Attention Enabled | B30: flash_attn | C30: ='Config and Summary'!C20 -> TRUE | F30: Chip-to-Chip ICI Bandwidth (uni, GB/s) | H30: 80
A31: Enforce Perfect Expert Routing | B31: enforce_perfect_expert_routing | C31: ='Config and Summary'!C21 -> TRUE | F31: Chip-to-Chip ICI Latency (ms) | H31: 0.0013
A32: [ ↓ Configurable Numeric] | F32: Min MXU Contracting Dim | H32: 256
A33: KV Cache dtype | B33: kv_dtype | C33: ='Config and Summary'!C27 -> fp8
A34: Attention Projections Numeric | B34: attn_proj_dtype | C34: ='Config and Summary'!C28 -> w8a8
A35: Attention Output Projection Numerics | B35: attn_oproj_dtype | C35: ='Config and Summary'!C29 -> w8a8
A36: Attention "K" numeric from KV | B36: attn_kv_k_dtype | C36: ='Config and Summary'!C30 -> fp8
A37: Attention "A" numeric from AV | B37: attn_av_a_dtype | C37: ='Config and Summary'!C31 -> fp8
A38: Expert Dispatch Numeric | B38: expert_dispatch_dtype | C38: ='Config and Summary'!C32 -> fp8
A39: MoE Numeric | B39: moe_dtype | C39: ='Config and Summary'!C33 -> w4a8
A40: Expert Collect Numeric | B40: expert_collect_dtype | C40: ='Config and Summary'!C34 -> bf16
A42: Use Measured NCCL Lookup Table | B42: use_nccl_lookup | C42: ='Config and Summary'!C5 -> FALSE
A44: 💡Top Line Metrics
A45: Metric Name | B45: ="Value (" & H17 & ")" -> Value (GhostFish (P3) Derated)
A46: # of Tokens | B46: =$C26*$C25 -> 2560
A47: # Devices | B47: =G10 -> 16
A48: E2E Latency (s) | B48: =$G$76/1000 * $C$6 -> 0.038873086
A49: Throughput (tokens/s) | B49: =$B$46/$B$48 -> 65855.332
A50: Discounted Throughput (tokens/s) | B50: =B46/(B48*(1+C28))*C29 -> 65855.332
A51: Throughput (tokens/s/chip) | B51: =B50/$G$11 -> 8231.9165
G53: =sum(G57:G60)+G67+G69 -> 0.067096454
A55: ⚡Roofline Summary
A56: Category | B56: Op Name | C56: Memory Time (ms) | D56: Compute Time (ms) | E56: ICI Latency Time (ms) | F56: ICI BW Time (ms) | G56: Roofline Time (ms) | H56: Boundness | J56: % Sum | K56: ICI Overlap?
A57: MLA | B57: Q Down Proj | C57: =$H$141 -> 0.0035007831 | D57: =$H$139 -> 0.001973107 | E57: =$H$136 -> 0 | F57: =H134 -> 0 | G57: =IF(K57,max(C57:F57), max(C57:D57)+max(E57:F57)) -> 0.0035007831 | H57: =LET(maxtime, MAX(C57:F57), IFS(maxtime=0, "", C57=maxtime, "HBM", D57=maxtime, "Compute", E57=maxtime, "ICI Lt", F57=maxtime, "ICI BW")) -> HBM | J57: =G57/$G$74 -> 0.0054934607 | K57: TRUE
A58: MLA | B58: Q Up Proj | C58: =$H$168 -> 0.012692606 | D58: =$H$166 -> 0.0067649383 | F58: =H163 -> 0 | G58: =IF(K58,max(C58:F58), max(C58:D58)+max(E58:F58)) -> 0.012692606 | H58: =LET(maxtime, MAX(C58:F58), IFS(maxtime=0, "", C58=maxtime, "HBM", D58=maxtime, "Compute", E58=maxtime, "ICI Lt", F58=maxtime, "ICI BW")) -> HBM | J58: =G58/$G$74 -> 0.019917353 | K58: TRUE
A59: MLA | B59: Q Proj to K (K weight absoption) | C59: =$H$187 -> 0.0088517211 | D59: =$H$185 -> 0.0030066392 | G59: =IF(K59,max(C59:F59), max(C59:D59)+max(E59:F59)) -> 0.0088517211 | H59: =LET(maxtime, MAX(C59:F59), IFS(maxtime=0, "", C59=maxtime, "HBM", D59=maxtime, "Compute", E59=maxtime, "ICI Lt", F59=maxtime, "ICI BW")) -> HBM | J59: =G59/$G$74 -> 0.013890201
A60: MLA | B60: KV Down Proj | C60: =$H$206 -> 0.0015111865 | D60: =$H$204 -> 0.00073991512 | G60: =IF(K60,max(C60:F60), max(C60:D60)+max(E60:F60)) -> 0.0015111865 | H60: =LET(maxtime, MAX(C60:F60), IFS(maxtime=0, "", C60=maxtime, "HBM", D60=maxtime, "Compute", E60=maxtime, "ICI Lt", F60=maxtime, "ICI BW")) -> HBM | J60: =G60/$G$74 -> 0.0023713676
A61: MLA | B61: AllGather KV | F61: =$H$236 -> 0 | G61: =IF(K61,max(C61:F61), max(C61:D61)+max(E61:F61)) -> 0 | H61: =LET(maxtime, MAX(C61:F61), IFS(maxtime=0, "", C61=maxtime, "HBM", D61=maxtime, "Compute", E61=maxtime, "ICI Lt", F61=maxtime, "ICI BW")) | J61: =G61/$G$74 -> 0
A62: MLA | B62: FlashAttention | C62: =SUM(C64:C66) -> 0.24414788 | D62: =SUM(D64:D66) -> 0.27059753 | G62: =IF(PARAMS("flash_attn"),MAX(C62:F62),0) -> 0.27059753 | H62: =LET(maxtime, MAX(C62:F62), IFS(maxtime=0, "", C62=maxtime, "HBM", D62=maxtime, "Compute", E62=maxtime, "ICI Lt", F62=maxtime, "ICI BW")) -> Compute | J62: =G62/$G$74 -> 0.4246241
A63: MLA | B63: VanillaAttention | G63: =IF(PARAMS("flash_attn"),0,SUM(G64:G66)) -> 0 | H63: =LET(maxtime, MAX(C63:F63), IFS(maxtime=0, "", C63=maxtime, "HBM", D63=maxtime, "Compute", E63=maxtime, "ICI Lt", F63=maxtime, "ICI BW")) | J63: =G63/$G$74 -> 0
A64: MLA | B64: |- QK (nope) | C64: =$H$255 -> 0.21186087 | D64: =$H$253 -> 0.10823901 | G64: =max(C64:F64) -> 0.21186087 | H64: =LET(maxtime, MAX(C64:F64), IFS(maxtime=0, "", C64=maxtime, "HBM", D64=maxtime, "Compute", E64=maxtime, "ICI Lt", F64=maxtime, "ICI BW")) -> HBM
A65: MLA | B65: |- QK (rope) | C65: =$H$274 -> 0.026482608 | D65: =$H$272 -> 0.054119506 | G65: =max(C65:F65) -> 0.054119506 | H65: =LET(maxtime, MAX(C65:F65), IFS(maxtime=0, "", C65=maxtime, "HBM", D65=maxtime, "Compute", E65=maxtime, "ICI Lt", F65=maxtime, "ICI BW")) -> Compute
A66: MLA | B66: |- AV | C66: =$H$293 -> 0.0058044073 | D66: =$H$291 -> 0.10823901 | G66: =max(C66:F66) -> 0.10823901 | H66: =LET(maxtime, MAX(C66:F66), IFS(maxtime=0, "", C66=maxtime, "HBM", D66=maxtime, "Compute", E66=maxtime, "ICI Lt", F66=maxtime, "ICI BW")) -> Compute
A67: MLA | B67: V Up Proj (Weight Absorption) | C67: =H312 -> 0.0066750684 | D67: =H310 -> 0.0015033196 | G67: =IF(K67,max(C67:F67), max(C67:D67)+max(E67:F67)) -> 0.0066750684 | H67: =LET(maxtime, MAX(C67:F67), IFS(maxtime=0, "", C67=maxtime, "HBM", D67=maxtime, "Compute", E67=maxtime, "ICI Lt", F67=maxtime, "ICI BW")) -> HBM | J67: =G67/$G$74 -> 0.010474578 | K67: TRUE
A68: MLA | B68: AllGather | F68: =$G$327 -> 0 | G68: =IF(K68,max(C68:F68), max(C68:D68)+max(E68:F68)) -> 0 | H68: =LET(maxtime, MAX(C68:F68), IFS(maxtime=0, "", C68=maxtime, "HBM", D68=maxtime, "Compute", E68=maxtime, "ICI Lt", F68=maxtime, "ICI BW")) | J68: =G68/$G$74 -> 0
A69: MLA | B69: O Proj | C69: =H354 -> 0.033865089 | D69: =H352 -> 0.021046475 | F69: =$H$349 -> 0 | G69: =IF(K69,max(C69:F69), max(C69:D69)+max(E69:F69)) -> 0.033865089 | H69: =LET(maxtime, MAX(C69:F69), IFS(maxtime=0, "", C69=maxtime, "HBM", D69=maxtime, "Compute", E69=maxtime, "ICI Lt", F69=maxtime, "ICI BW")) -> HBM | J69: =G69/$G$74 -> 0.053141405 | K69: TRUE
A70: MoE | B70: Dispatch | E70: =$H$406 -> 0.0039 | F70: =$H$404 -> 0.064086914 | G70: =IF(K70,max(C70:F70), max(C70:D70)+max(E70:F70)) -> 0.064086914 | H70: =LET(maxtime, MAX(C70:F70), IFS(maxtime=0, "", C70=maxtime, "HBM", D70=maxtime, "Compute", E70=maxtime, "ICI Lt", F70=maxtime, "ICI BW")) -> ICI BW | J70: =G70/$G$74 -> 0.10056577
A71: MoE | B71: Gating x 2 + Act | C71: =$H$454 -> 0.068999891 | D71: =$H$452 -> 0.042092949 | F71: =$H$444 -> 0 | G71: =IF(K71,max(C71:F71), max(C71:D71)+max(E71:F71)) -> 0.068999891 | H71: =LET(maxtime, MAX(C71:F71), IFS(maxtime=0, "", C71=maxtime, "HBM", D71=maxtime, "Compute", E71=maxtime, "ICI Lt", F71=maxtime, "ICI BW")) -> HBM | J71: =G71/$G$74 -> 0.10827526 | K71: TRUE
A72: MoE | B72: Linear | C72: =$H$490 -> 0.038309088 | D72: =$H$488 -> 0.021046475 | F72: =$H$479 -> 0 | G72: =IF(K72,max(C72:F72), max(C72:D72)+max(E72:F72)) -> 0.038309088 | H72: =LET(maxtime, MAX(C72:F72), IFS(maxtime=0, "", C72=maxtime, "HBM", D72=maxtime, "Compute", E72=maxtime, "ICI Lt", F72=maxtime, "ICI BW")) -> HBM | J72: =G72/$G$74 -> 0.060114969 | K72: TRUE
A73: MoE | B73: Collect | E73: =$H$538 -> 0.0039 | F73: =$H$536 -> 0.12817383 | G73: =IF(K73,max(C73:F73), max(C73:D73)+max(E73:F73)) -> 0.12817383 | H73: =LET(maxtime, MAX(C73:F73), IFS(maxtime=0, "", C73=maxtime, "HBM", D73=maxtime, "Compute", E73=maxtime, "ICI Lt", F73=maxtime, "ICI BW")) -> ICI BW | J73: =G73/$G$74 -> 0.20113154
E74: Overlapping Strategy | F74: OptionA. No Overlapping | G74: =SUM(G57:G63,G67:G73) -> 0.63726371 | J74: =G74/$G$74 -> 1
F75: OptionB. Overlapping Expert Collectives | G75: =SUM(G57:G63,G67:G69)+MAX(G70:G71)+MAX(G72:G73) -> 0.5348677
A76: TOTAL | E76: Selected Strategy | F76: ='Config and Summary'!C24 -> OptionA. No Overlapping | G76: =IF(F76=F74,G74,G75) -> 0.63726371
A79: 💾 Memory Occupancy | E79: 🔍 Detailed Op Analysis 1 - MLA (Multi-head Latent Attention)
A80: Key | B80: Value | C80: Notes | E80: Operation | F80: Details | I80: Dimensions | O80: dtype | P80: Size(MiB) | Q80: VMEM Prefetched /Pinned
A81: Attention Weights, Global (GiB) | B81: =SUM(P90,P147,P174,P193,P299,P333) * PARAMS("L") / 1024 -> 10.629578 | E81: 0. Activation Before Attention Layer | F81: Activation Tensor | H81: Dimension Name | I81: ( | K81: B | L81: T | M81: D | N81: ) | O81: fp8
A82: MoE Weights, Global (GiB) | B82: =SUM($P$362,$P$460) * PARAMS("L") / 1024 -> 115.08984 | H82: Global Shape | I82: ( | K82: =PARAMS(K81) -> 2560 | L82: =PARAMS(L81) -> 1 | M82: =PARAMS(M81) -> 7168 | N82: ) | P82: =SIZEOF_IN_MIB(J82:M82, $O81) -> 17.5
A83: Other Weights, Global (GiB) | H83: Sharding | I83: ( | K83: data,model | N83: )
A84: KV Cache Size, Global (GiB) | B84: =SIZEOF_IN_MIB(PARAMS("B")*PARAMS("S")*PARAMS("L")*(PARAMS("c_kv")+PARAMS("h_rope")), PARAMS("kv_dtype"))/1024 -> 772.03125 | H84: Local Shape (per-core) | I84: ( | K84: =K82/SHARDING(K83) -> 160 | L84: =L82/SHARDING(L83) -> 1 | M84: =M82/SHARDING(M83) -> 7168 | N84: ) | P84: =SIZEOF_IN_MIB(J84:M84, $O81) -> 1.09375
A85: Intermediate Activation Tensors, Global (GiB) | B85: =MAX(P90,P109,P139,P166,P185,P204,P253,P272,P291,P307,P369,P419,P504,P524)/1024 -> 0.010253906 | E85: 1. Q Down Proj | F85: LHS | H85: Dimension Name | I85: ( | K85: B | L85: T | M85: D | N85: ) | O85: =EXTRACT_ACTIVATION_DTYPE(PARAMS("attn_proj_dtype")) -> fp8 | Q85: FALSE
A86: TOTAL (Global) | B86: =SUM(B81:B84) -> 897.75067 | C86: ="<=" & ($H$28 * PARAMS("num_devices")) & " (Capacity)?" -> <=1536 (Capacity)? | H86: Global Shape | I86: ( | K86: =PARAMS(K85) -> 2560 | L86: =PARAMS(L85) -> 1 | M86: =PARAMS(M85) -> 7168 | N86: ) | P86: =SIZEOF_IN_MIB(J86:M86, $O85) -> 17.5
H87: Sharding | I87: ( | K87: data,model | N87: )
A88: Attention Weights, Local (GiB) | B88: =SUM(P92,P149,P176,P195,P301,P335) * PARAMS("L") / 1024 -> 10.629578 | H88: Local Shape (per-core) | I88: ( | K88: =K86/SHARDING(K87) -> 160 | L88: =L86/SHARDING(L87) -> 1 | M88: =M86/SHARDING(M87) -> 7168 | N88: ) | P88: =SIZEOF_IN_MIB(J88:M88, $O85) -> 1.09375
A89: MoE Weights, Local (GiB) | B89: =SUM(P414,P462) * PARAMS("L") / 1024 -> 20.015625 | F89: RHS | H89: Dimension Name | I89: ( | L89: D | M89: c_q | N89: ) | O89: =EXTRACT_WEIGHT_DTYPE(PARAMS("attn_proj_dtype")) -> fp8 | Q89: FALSE
A90: Other Weights, Global (GiB) | H90: Global Shape | I90: ( | L90: =PARAMS(L89) -> 7168 | M90: =PARAMS(M89) -> 1536 | N90: ) | P90: =SIZEOF_IN_MIB(J90:M90, $O89) -> 10.5
A91: KV Cache Size, Local (GiB) | B91: =B84/PARAMS("num_devices") -> 48.251953 | H91: Sharding | I91: ( | N91: )
A92: Intermediate Activation Tensors, Local (GiB) | B92: =MAX(P92,P111,P141,P168,P187,P206,P255,P274,P293,P309,P371,P421,P506,P526)/1024 -> 0.010253906 | H92: Local Shape (per-core) | I92: ( | L92: =L90/SHARDING(L91) -> 7168 | M92: =M90/SHARDING(M91) -> 1536 | N92: ) | P92: =SIZEOF_IN_MIB(J92:M92, $O89) -> 10.5
A93: TOTAL (Local) | B93: =SUM(B88:B91) -> 78.897156 | C93: ="<=" & ($H$28) & " (Capacity)?" -> <=96 (Capacity)? | F93: Output | H93: Dimension Name | I93: ( | K93: B | L93: T | M93: c_q | N93: ) | O93: bf16 | Q93: FALSE
A94: Memory Occupancy OK | B94: =if(B93 <= HW_SPEC("Per-Core HBM Capacity (GiB)"), TRUE, FALSE) -> TRUE | H94: Global Shape | I94: ( | K94: =PARAMS(K93) -> 2560 | L94: =PARAMS(L93) -> 1 | M94: =PARAMS(M93) -> 1536 | N94: ) | P94: =SIZEOF_IN_MIB(K94:M94, $O93) -> 7.5
H95: Sharding | I95: ( | K95: data,model | N95: )
H96: Local Shape (per-core) | I96: ( | K96: =K94/SHARDING(K95) -> 160 | L96: =L94/SHARDING(L95) -> 1 | M96: =M94/SHARDING(M95) -> 1536 | N96: ) | P96: =SIZEOF_IN_MIB(K96:M96, $O93) -> 0.46875
B97: =B93/96 -> 0.82184537 | F97: Pre-operation Collectives | G97: Transferring Tensor | H97: Dimension Name | I97: ( | J97: {=J81:M84} | K97: B | L97: T | M97: D | N97: ) | O97: =O85 -> fp8
H98: Global Shape | I98: ( | K98: 2560 | L98: 1 | M98: 7168 | N98: ) | P98: =SIZEOF_IN_MIB(J98:M98, O97) -> 17.5
H99: Source Sharding | I99: ( | K99: data,model | N99: )
H100: Source Local Shape (per-core) | I100: ( | K100: 160 | L100: 1 | M100: 7168 | N100: ) | P100: =SIZEOF_IN_MIB(J100:M100, O97) -> 1.09375
H101: Target Sharding | I101: ( | N101: )
G102: Strategy A: All-Gather Tokens with no chiplet involved
G103: # of devices involved | H103: =SHARDING(K99)*SHARDING(L99)*SHARDING(M99) -> 16
G104: Per-device: Data transferred from a device (MiB) | H104: =P100 * (H103-1) -> 16.40625
G105: Global Traffic Size (MiB) | H105: =H104*H103 -> 262.5
G106: # of Links involved | H106: =IFS(H103=8,12, H103=4,4, H103=2,1, H103=1,0, TRUE,NA()) -> #N/A
...

Sheet Prefill
A1: Contact: donghyun@, gpolovets@, miliu@. Feedback/Bug reports are welcome!
A2: Description | B2: Symbol | C2: Value | F2: Sharding (Axis Name) | G2: # of Devices | H2: Notes | Q2: Size In Bytes | T2: MXU dtype
A3: Embedding Dimension | B3: D | C3: 7168 | F3: [ ↓ Configurable Values] | Q3: fp4 | R3: 0.5 | T3: =U3&","&V3 -> fp4,fp4 | U3: fp4 | V3: fp4 | W3: fp4
A4: Hidden Dimension | B4: F | C4: 2048 | F4: model | G4: ='Config and Summary'!$D8 -> 1 | Q4: fp8 | R4: 1 | T4: =U4&","&V4 -> fp4,fp8 | U4: fp4 | V4: fp8 | W4: fp8
A5: # of experts | B5: E | C5: 256 | F5: data | G5: ='Config and Summary'!$D9 -> 16 | H5: Also used for expert sharding for MoE | Q5: bf16 | R5: 2 | T5: =U5&","&V5 -> fp4,bf16 | U5: fp4 | V5: bf16 | W5: bf16
A6: # of Layers | B6: L | C6: 61 | F6: seq | G6: ='Config and Summary'!$D10 -> 1 | T6: =U6&","&V6 -> fp8,fp4 | U6: fp8 | V6: fp4 | W6: fp8
A7: # of Dense Layers | B7: DL | C7: 3 | F7: attn_model | G7: ='Config and Summary'!$D11 -> 1 | H7: Used if attention is replicated | T7: =U7&","&V7 -> fp8,fp8 | U7: fp8 | V7: fp8 | W7: fp8
A8: # of experts to be activated per token | B8: top_k | C8: 8 | F8: [ ↓ Derived Values]
A9: The dimension of the compressed latent vector for Query | B9: c_q | C9: 1536 | F9: data,model | G9: =G5*G4 -> 16 | T9: =U9&","&V9 -> fp8,bf16 | U9: fp8 | V9: bf16 | W9: bf16
A10: The dimension of the compressed latent vector for KV | B10: c_kv | C10: 512 | F10: Total # of devices | G10: =PRODUCT(G3:G6) -> 16 | T10: =U10&","&V10 -> bf16,fp4 | U10: bf16 | V10: fp4 | W10: bf16
A11: The dimension of Non-RoPE part of the query head | B11: h_nope | C11: 128 | F11: Total # of chips | G11: =$G$10/$H$18 -> 8 | T11: =U11&","&V11 -> bf16,fp8 | U11: bf16 | V11: fp8 | W11: bf16
A12: The dimension of the RoPE part of the query head | B12: h_rope | C12: 64 | T12: bf16,bf16 | U12: bf16 | V12: bf16 | W12: bf16
A13: The number of Attention Heads (Query) | B13: n_q | C13: 128
A14: [ ↓ Derived parameters]
A15: h_nope+h_rope | B15: h_nope+h_rope | C15: =$C$11+$C$12 -> 192
A16: c_kv+h_rope | B16: c_kv+h_rope | C16: =$C$10+$C$12 -> 576
A17: # of Duplicated tokens (top_k times) | B17: kT | C17: =C8*$C$25 -> 8192 | F17: Hardware Spec | H17: ='Config and Summary'!D4 -> GhostFish (P3) Derated
A18: # of Devices | B18: num_devices | C18: =$G$10 -> 16 | F18: {=DB!A2:A16} -> # of TensorCore per Chip | H18: {=xlookup($H$17,DB!1:1,DB!2:16)} -> 2
A19: # of Chips | B19: num_chips | C19: =$G$11 -> 8 | F19: Per-Chip HBM-BW (GB/s) | H19: 6729.8
A20: [TPU] Assumed Topology | B20: topo | C20: =vlookup(C19, DB!$A$26:$F$31, 5, False) -> 2x2x2 | F20: Per-Chip TFLOPS (fp4) | H20: 3571.236
A21: [TPU] Total # of Bidir Links | B21: num_links_in_topo | C21: =vlookup(C19, DB!$A$26:$F$31, 6, False) -> 12 | F21: Per-Chip TFLOPS (fp8) | H21: 3571.236
F22: Per-Chip TFLOPS (fp16) | H22: 1785.618
A23: [ ↓ Configurable parameters] | F23: Per-Chip HBM Capacity (GiB) | H23: 192
A24: Regime | B24: R | C24: Prefill | F24: Per-Core HBM-BW (GB/s) | H24: 3364.9
A25: Sequence Length (Q) | B25: T | C25: ='Config and Summary'!D14 -> 1024 | F25: Per-Core TFLOPS (fp4) | H25: 1785.618
A26: Batch Size (power of 2) | B26: B | C26: ='Config and Summary'!D15 -> 16 | F26: Per-Core TFLOPS (fp8) | H26: 1785.618
A27: Sequence Length (KV) | B27: S | C27: ='Config and Summary'!D16 -> 1024 | F27: Per-Core TFLOPS (bf16) | H27: 892.809
A28: Scheduler Latency Overhead | C28: ='Config and Summary'!D18 -> 0 | F28: Per-Core HBM Capacity (GiB) | H28: 96
A29: Roofline Discount Rate | C29: ='Config and Summary'!D19 -> 1 | F29: Core-to-Core ICI Bandwidth (uni, GB/s) | H29: 600
A30: Flash Attention Enabled | B30: flash_attn | C30: ='Config and Summary'!D20 -> TRUE | F30: Chip-to-Chip ICI Bandwidth (uni, GB/s) | H30: 80
A31: Enforce Perfect Expert Routing | B31: enforce_perfect_expert_routing | C31: ='Config and Summary'!D21 -> TRUE | F31: Chip-to-Chip ICI Latency (ms) | H31: 0.0013
A32: [ ↓ Configurable Numeric] | F32: Min MXU Contracting Dim | H32: 256
A33: KV Cache dtype | B33: kv_dtype | C33: ='Config and Summary'!D27 -> fp8
A34: Attention Projections Numeric | B34: attn_proj_dtype | C34: ='Config and Summary'!D28 -> w8a8
A35: Attention Output Projection Numerics | B35: attn_oproj_dtype | C35: ='Config and Summary'!D29 -> w8a8
A36: Attention "K" numeric from KV | B36: attn_kv_k_dtype | C36: ='Config and Summary'!D30 -> fp8
A37: Attention "A" numeric from AV | B37: attn_av_a_dtype | C37: ='Config and Summary'!D31 -> fp8
A38: Expert Dispatch Numeric | B38: expert_dispatch_dtype | C38: ='Config and Summary'!D32 -> fp8
A39: MoE Numeric | B39: moe_dtype | C39: ='Config and Summary'!D33 -> w4a8
A40: Expert Collect Numeric | B40: expert_collect_dtype | C40: ='Config and Summary'!D34 -> bf16
A42: Use Measured NCCL Lookup Table | B42: use_nccl_lookup | C42: ='Config and Summary'!D5 -> FALSE
A44: 💡Top Line Metrics
A45: Metric Name | B45: ="Value (" & H17 & ")" -> Value (GhostFish (P3) Derated)
A46: # of Tokens | B46: =$C26*$C25 -> 16384
A47: # Devices | B47: =G10 -> 16
A48: E2E Latency (s) | B48: =$G$76/1000 * $C$6 -> 0.12789496
A49: Throughput (tokens/s) | B49: =$B$46/$B$48 -> 128105.12
A50: Discounted Throughput (tokens/s) | B50: =B46/(B48*(1+C28))*C29 -> 128105.12
A51: Throughput (tokens/s/chip) | B51: =B50/$G$11 -> 16013.14
A55: ⚡Roofline Summary
A56: Category | B56: Op Name | C56: Memory Time (ms) | D56: Compute Time (ms) | E56: ICI Latency Time (ms) | F56: ICI BW Time (ms) | G56: Roofline Time (ms) | H56: Boundness | J56: % Sum | K56: ICI Overlap?
A57: MLA | B57: Q Down Proj | C57: =$H$141 -> 0.0059495174 | D57: =$H$139 -> 0.012627885 | E57: =$H$136 -> 0 | F57: =H134 -> 0 | G57: =IF(K57,max(C57:F57), max(C57:D57)+max(E57:F57)) -> 0.012627885 | H57: =LET(maxtime, MAX(C57:F57), IFS(maxtime=0, "", C57=maxtime, "HBM", D57=maxtime, "Compute", E57=maxtime, "ICI Lt", F57=maxtime, "ICI BW")) -> Compute | J57: =G57/$G$74 -> 0.0060229187 | K57: TRUE
A58: MLA | B58: Q Up Proj | C58: =$H$168 -> 0.024813841 | D58: =$H$166 -> 0.043295605 | F58: =H163 -> 0 | G58: =IF(K58,max(C58:F58), max(C58:D58)+max(E58:F58)) -> 0.043295605 | H58: =LET(maxtime, MAX(C58:F58), IFS(maxtime=0, "", C58=maxtime, "HBM", D58=maxtime, "Compute", E58=maxtime, "ICI Lt", F58=maxtime, "ICI BW")) -> Compute | J58: =G58/$G$74 -> 0.020650007 | K58: TRUE
A59: MLA | B59: Q Proj to K (K weight absoption) | C59: =$H$187 -> 0.044113495 | D59: =$H$185 -> 0.019242491 | G59: =IF(K59,max(C59:F59), max(C59:D59)+max(E59:F59)) -> 0.044113495 | H59: =LET(maxtime, MAX(C59:F59), IFS(maxtime=0, "", C59=maxtime, "HBM", D59=maxtime, "Compute", E59=maxtime, "ICI Lt", F59=maxtime, "ICI BW")) -> HBM | J59: =G59/$G$74 -> 0.021040103
A60: MLA | B60: KV Down Proj | C60: =$H$206 -> 0.0035007831 | D60: =$H$204 -> 0.0047354568 | G60: =IF(K60,max(C60:F60), max(C60:D60)+max(E60:F60)) -> 0.0047354568 | H60: =LET(maxtime, MAX(C60:F60), IFS(maxtime=0, "", C60=maxtime, "HBM", D60=maxtime, "Compute", E60=maxtime, "ICI Lt", F60=maxtime, "ICI BW")) -> Compute | J60: =G60/$G$74 -> 0.0022585945
A61: MLA | B61: AllGather KV | F61: =$H$236 -> 0 | G61: =IF(K61,max(C61:F61), max(C61:D61)+max(E61:F61)) -> 0 | H61: =LET(maxtime, MAX(C61:F61), IFS(maxtime=0, "", C61=maxtime, "HBM", D61=maxtime, "Compute", E61=maxtime, "ICI Lt", F61=maxtime, "ICI BW")) | J61: =G61/$G$74 -> 0
A62: MLA | B62: FlashAttention | C62: =SUM(C64:C66) -> 0.058207322 | D62: =SUM(D64:D66) -> 0.19242491 | G62: =IF(PARAMS("flash_attn"),MAX(C62:F62),0) -> 0.19242491 | H62: =LET(maxtime, MAX(C62:F62), IFS(maxtime=0, "", C62=maxtime, "HBM", D62=maxtime, "Compute", E62=maxtime, "ICI Lt", F62=maxtime, "ICI BW")) -> Compute | J62: =G62/$G$74 -> 0.091777808
A63: MLA | B63: VanillaAttention | G63: =IF(PARAMS("flash_attn"),0,SUM(G64:G66)) -> 0 | H63: =LET(maxtime, MAX(C63:F63), IFS(maxtime=0, "", C63=maxtime, "HBM", D63=maxtime, "Compute", E63=maxtime, "ICI Lt", F63=maxtime, "ICI BW")) | J63: =G63/$G$74 -> 0
A64: MLA | B64: |- QK (nope) | C64: =$H$255 -> 0.018719213 | D64: =$H$253 -> 0.076969964 | G64: =max(C64:F64) -> 0.076969964 | H64: =LET(maxtime, MAX(C64:F64), IFS(maxtime=0, "", C64=maxtime, "HBM", D64=maxtime, "Compute", E64=maxtime, "ICI Lt", F64=maxtime, "ICI BW")) -> Compute
A65: MLA | B65: |- QK (rope) | C65: =$H$274 -> 0.0023399017 | D65: =$H$272 -> 0.038484982 | G65: =max(C65:F65) -> 0.038484982 | H65: =LET(maxtime, MAX(C65:F65), IFS(maxtime=0, "", C65=maxtime, "HBM", D65=maxtime, "Compute", E65=maxtime, "ICI Lt", F65=maxtime, "ICI BW")) -> Compute
A66: MLA | B66: |- AV | C66: =$H$293 -> 0.037148206 | D66: =$H$291 -> 0.076969964 | G66: =max(C66:F66) -> 0.076969964 | H66: =LET(maxtime, MAX(C66:F66), IFS(maxtime=0, "", C66=maxtime, "HBM", D66=maxtime, "Compute", E66=maxtime, "ICI Lt", F66=maxtime, "ICI BW")) -> Compute
A67: MLA | B67: V Up Proj (Weight Absorption) | C67: =H312 -> 0.030182918 | D67: =H310 -> 0.0096212455 | G67: =IF(K67,max(C67:F67), max(C67:D67)+max(E67:F67)) -> 0.030182918 | H67: =LET(maxtime, MAX(C67:F67), IFS(maxtime=0, "", C67=maxtime, "HBM", D67=maxtime, "Compute", E67=maxtime, "ICI Lt", F67=maxtime, "ICI BW")) -> HBM | J67: =G67/$G$74 -> 0.01439586 | K67: TRUE
A68: MLA | B68: AllGather | F68: =$G$327 -> 0 | G68: =IF(K68,max(C68:F68), max(C68:D68)+max(E68:F68)) -> 0 | H68: =LET(maxtime, MAX(C68:F68), IFS(maxtime=0, "", C68=maxtime, "HBM", D68=maxtime, "Compute", E68=maxtime, "ICI Lt", F68=maxtime, "ICI BW")) | J68: =G68/$G$74 -> 0
A69: MLA | B69: O Proj | C69: =H354 -> 0.041211292 | D69: =H352 -> 0.13469744 | F69: =$H$349 -> 0 | G69: =IF(K69,max(C69:F69), max(C69:D69)+max(E69:F69)) -> 0.13469744 | H69: =LET(maxtime, MAX(C69:F69), IFS(maxtime=0, "", C69=maxtime, "HBM", D69=maxtime, "Compute", E69=maxtime, "ICI Lt", F69=maxtime, "ICI BW")) -> Compute | J69: =G69/$G$74 -> 0.064244466 | K69: TRUE
A70: MoE | B70: Dispatch | E70: =$H$406 -> 0.0039 | F70: =$H$404 -> 0.41015625 | G70: =IF(K70,max(C70:F70), max(C70:D70)+max(E70:F70)) -> 0.41015625 | H70: =LET(maxtime, MAX(C70:F70), IFS(maxtime=0, "", C70=maxtime, "HBM", D70=maxtime, "Compute", E70=maxtime, "ICI Lt", F70=maxtime, "ICI BW")) -> ICI BW | J70: =G70/$G$74 -> 0.19562562
A71: MoE | B71: Gating x 2 + Act | C71: =$H$454 -> 0.090548753 | D71: =$H$452 -> 0.26939487 | F71: =$H$444 -> 0 | G71: =IF(K71,max(C71:F71), max(C71:D71)+max(E71:F71)) -> 0.26939487 | H71: =LET(maxtime, MAX(C71:F71), IFS(maxtime=0, "", C71=maxtime, "HBM", D71=maxtime, "Compute", E71=maxtime, "ICI Lt", F71=maxtime, "ICI BW")) -> Compute | J71: =G71/$G$74 -> 0.12848893 | K71: TRUE
A72: MoE | B72: Linear | C72: =$H$490 -> 0.069652887 | D72: =$H$488 -> 0.13469744 | F72: =$H$479 -> 0 | G72: =IF(K72,max(C72:F72), max(C72:D72)+max(E72:F72)) -> 0.13469744 | H72: =LET(maxtime, MAX(C72:F72), IFS(maxtime=0, "", C72=maxtime, "HBM", D72=maxtime, "Compute", E72=maxtime, "ICI Lt", F72=maxtime, "ICI BW")) -> Compute | J72: =G72/$G$74 -> 0.064244466 | K72: TRUE
A73: MoE | B73: Collect | E73: =$H$538 -> 0.0039 | F73: =$H$536 -> 0.8203125 | G73: =IF(K73,max(C73:F73), max(C73:D73)+max(E73:F73)) -> 0.8203125 | H73: =LET(maxtime, MAX(C73:F73), IFS(maxtime=0, "", C73=maxtime, "HBM", D73=maxtime, "Compute", E73=maxtime, "ICI Lt", F73=maxtime, "ICI BW")) -> ICI BW | J73: =G73/$G$74 -> 0.39125123
E74: Overlapping Strategy | F74: OptionA. No Overlapping | G74: =SUM(G57:G63,G67:G73) -> 2.0966388 | J74: =G74/$G$74 -> 1
F75: OptionB. Overlapping Expert Collectives | G75: =SUM(G57:G63,G67:G69)+MAX(G70:G71)+MAX(G72:G73) -> 1.6925465
A76: TOTAL | E76: Selected Strategy | F76: ='Config and Summary'!D24 -> OptionA. No Overlapping | G76: =IF(F76=F74,G74,G75) -> 2.0966388
A79: 💾 Memory Occupancy | E79: 🔍 Detailed Op Analysis 1 - MLA (Multi-head Latent Attention)
A80: Key | B80: Value | C80: Notes | E80: Operation | F80: Details | I80: Dimensions | O80: dtype | P80: Size(MiB) | Q80: VMEM Prefetched /Pinned
A81: Attention Weights, Global (GiB) | B81: =SUM(P90,P147,P174,P193,P299,P333) * PARAMS("L") / 1024 -> 10.629578 | E81: 0. Activation Before Attention Layer | F81: Activation Tensor | H81: Dimension Name | I81: ( | K81: B | L81: T | M81: D | N81: ) | O81: fp8
A82: MoE Weights, Global (GiB) | B82: =SUM($P$362,$P$460) * PARAMS("L") / 1024 -> 160.125 | H82: Global Shape | I82: ( | K82: =PARAMS(K81) -> 16 | L82: =PARAMS(L81) -> 1024 | M82: =PARAMS(M81) -> 7168 | N82: ) | P82: =SIZEOF_IN_MIB(J82:M82, $O81) -> 112
A83: Other Weights, Global (GiB) | H83: Sharding | I83: ( | K83: data,model | N83: )
A84: KV Cache Size, Global (GiB) | B84: =SIZEOF_IN_MIB(PARAMS("B")*PARAMS("S")*PARAMS("L")*(PARAMS("c_kv")+PARAMS("h_rope")), PARAMS("kv_dtype"))/1024 -> 0.53613281 | H84: Local Shape (per-core) | I84: ( | K84: =K82/SHARDING(K83) -> 1 | L84: =L82/SHARDING(L83) -> 1024 | M84: =M82/SHARDING(M83) -> 7168 | N84: ) | P84: =SIZEOF_IN_MIB(J84:M84, $O81) -> 7
A85: Intermediate Activation Tensors, Global (GiB) | B85: =MAX(P90,P109,P139,P166,P185,P204,P253,P272,P291,P307,P369,P419,P504,P524)/1024 -> 0.010253906 | E85: 1. Q Down Proj | F85: LHS | H85: Dimension Name | I85: ( | K85: B | L85: T | M85: D | N85: ) | O85: =EXTRACT_ACTIVATION_DTYPE(PARAMS("attn_proj_dtype")) -> fp8 | Q85: FALSE
A86: TOTAL (Global) | B86: =SUM(B81:B84) -> 171.29071 | C86: ="<=" & ($H$28 * PARAMS("num_devices")) & " (Capacity)?" -> <=1536 (Capacity)? | H86: Global Shape | I86: ( | K86: =PARAMS(K85) -> 16 | L86: =PARAMS(L85) -> 1024 | M86: =PARAMS(M85) -> 7168 | N86: ) | P86: =SIZEOF_IN_MIB(J86:M86, $O85) -> 112
H87: Sharding | I87: ( | K87: data,model | N87: )
A88: Attention Weights, Local (GiB) | B88: =SUM(P92,P149,P176,P195,P301,P335) * PARAMS("L") / 1024 -> 10.629578 | H88: Local Shape (per-core) | I88: ( | K88: =K86/SHARDING(K87) -> 1 | L88: =L86/SHARDING(L87) -> 1024 | M88: =M86/SHARDING(M87) -> 7168 | N88: ) | P88: =SIZEOF_IN_MIB(J88:M88, $O85) -> 7
A89: MoE Weights, Local (GiB) | B89: =SUM(P414,P462) * PARAMS("L") / 1024 -> 20.015625 | F89: RHS | H89: Dimension Name | I89: ( | L89: D | M89: c_q | N89: ) | O89: =EXTRACT_WEIGHT_DTYPE(PARAMS("attn_proj_dtype")) -> fp8 | Q89: FALSE
A90: Other Weights, Global (GiB) | H90: Global Shape | I90: ( | L90: =PARAMS(L89) -> 7168 | M90: =PARAMS(M89) -> 1536 | N90: ) | P90: =SIZEOF_IN_MIB(J90:M90, $O89) -> 10.5
A91: KV Cache Size, Local (GiB) | B91: =B84/PARAMS("num_devices") -> 0.033508301 | H91: Sharding | I91: ( | N91: )
A92: Intermediate Activation Tensors, Local (GiB) | B92: =MAX(P92,P111,P141,P168,P187,P206,P255,P274,P293,P309,P371,P421,P506,P526)/1024 -> 0.010253906 | H92: Local Shape (per-core) | I92: ( | L92: =L90/SHARDING(L91) -> 7168 | M92: =M90/SHARDING(M91) -> 1536 | N92: ) | P92: =SIZEOF_IN_MIB(J92:M92, $O89) -> 10.5
A93: TOTAL (Local) | B93: =SUM(B88:B91) -> 30.678711 | C93: ="<=" & ($H$28) & " (Capacity)?" -> <=96 (Capacity)? | F93: Output | H93: Dimension Name | I93: ( | K93: B | L93: T | M93: c_q | N93: ) | O93: bf16 | Q93: FALSE
A94: Memory Occupancy OK | B94: =if(B93 <= HW_SPEC("Per-Core HBM Capacity (GiB)"), TRUE, FALSE) -> TRUE | H94: Global Shape | I94: ( | K94: =PARAMS(K93) -> 16 | L94: =PARAMS(L93) -> 1024 | M94: =PARAMS(M93) -> 1536 | N94: ) | P94: =SIZEOF_IN_MIB(K94:M94, $O93) -> 48
H95: Sharding | I95: ( | K95: data,model | N95: )
H96: Local Shape (per-core) | I96: ( | K96: =K94/SHARDING(K95) -> 1 | L96: =L94/SHARDING(L95) -> 1024 | M96: =M94/SHARDING(M95) -> 1536 | N96: ) | P96: =SIZEOF_IN_MIB(K96:M96, $O93) -> 3
F97: Pre-operation Collectives | G97: Transferring Tensor | H97: Dimension Name | I97: ( | J97: {=J81:M84} | K97: B | L97: T | M97: D | N97: ) | O97: =O85 -> fp8
H98: Global Shape | I98: ( | K98: 16 | L98: 1024 | M98: 7168 | N98: ) | P98: =SIZEOF_IN_MIB(J98:M98, O97) -> 112
H99: Source Sharding | I99: ( | K99: data,model | N99: )
H100: Source Local Shape (per-core) | I100: ( | K100: 1 | L100: 1024 | M100: 7168 | N100: ) | P100: =SIZEOF_IN_MIB(J100:M100, O97) -> 7
H101: Target Sharding | I101: ( | N101: )
G102: Strategy A: All-Gather Tokens with no chiplet involved
G103: # of devices involved | H103: =SHARDING(K99)*SHARDING(L99)*SHARDING(M99) -> 16
G104: Per-device: Data transferred from a device (MiB) | H104: =P100 * (H103-1) -> 105
G105: Global Traffic Size (MiB) | H105: =H104*H103 -> 1680
G106: # of Links involved | H106: =IFS(H103=8,12, H103=4,4, H103=2,1, H103=1,0, TRUE,NA()) -> #N/A
G107: # of Chiplets sharing links | H107: 1
...

Sheet Analysis
A2: Config | B2: # Chips | C2: Batch Size | D2: Roofline Decode tps/chip | E2: Roofline Output tps/chip
A3: ='Config and Summary'!C1 -> [1K/8K] GF 2x2x2 DP16/EP16 Aggregated MOE-a8w4 B=2.5K | B3: ='Config and Summary'!C9/'Decode Last Token'!H18 -> 8 | C3: ='Config and Summary'!C15 -> 2560 | D3: ='Config and Summary'!B51 -> 10096.825 | E3: ='Config and Summary'!B59 -> 9359.1659
A6: Summary
B7: Aggregated setup, numerics assumptions are slightly different
B9: Sequence Lengths 1K/8K
A11: System | B11: # Chips | C11: Batch Size | D11: Configuration | E11: Roofline Decode tps/chip | F11: Roofline Output tps/chip | G11: Measured Output tps/chip (April 2026) | H11: % Roofline | I11: % of 4-chip GB200 | J11: % of InferenceX GB200
A12: GF | B12: 4 | C12: 896 | D12: =CONCATENATE(B12, " ", A12, " b",C12) -> 4 GF b896 | E12: 7995.6563 | F12: 7617.1152 | G12: 2760 | H12: =G12/F12 -> 0.3623419 | I12: =G12/$G$13 -> 0.62190176 | J12: =G12/$G$21 -> 0.48789111
A13: GB200 | B13: 4 | C13: 896 | D13: =CONCATENATE(B13, " ", A13, " b",C13) -> 4 GB200 b896 | E13: 8668.2684 | F13: 8275.4296 | G13: 4438 | H13: =G13/F13 -> 0.53628636
A14: GF | B14: 8 | C14: 2560 | D14: =CONCATENATE(B14, " ", A14, " b", C14, " (best)") -> 8 GF b2560 (best) | E14: 10096.825 | F14: 9359.1659 | G14: 2600 | H14: =G14/F14 -> 0.27780253 | I14: =G14/$G$13 -> 0.58584948 | J14: =G14/$G$21 -> 0.45960757
A15: GB200 | B15: 8 | C15: 2560 | D15: =CONCATENATE(B15, " ", A15, " b",C15) -> 8 GB200 b2560 | E15: 12409.605 | F15: 11691.019
A16: GF | B16: 16 | C16: 7168 | D16: =CONCATENATE(B16, " ", A16, " b",C16) -> 16 GF b7168 | E16: 9137.9091 | F16: 8337.1891
A17: GB200 | B17: 16 | C17: 7168 | D17: =CONCATENATE(B17, " ", A17, " b",C17, " (best)") -> 16 GB200 b7168 (best) | E17: 14750.29 | F17: 13746.976
A18: GF | B18: 32 | C18: 12288 | D18: =CONCATENATE(B18, " ", A18, " b",C18) -> 32 GF b12288 | E18: 8468.6125 | F18: 7720.3633
A19: GB200 | B19: 32 | C19: 12288 | D19: =CONCATENATE(B19, " ", A19, " b",C19) -> 32 GB200 b12288 | E19: 13211.79 | F19: 12394.279
A21: GB200 (Disagg InferenceX) | B21: 32+4 | C21: 8192 | D21: =CONCATENATE(B21, " ", A21, " b",C21) -> 32+4 GB200 (Disagg InferenceX) b8192 | E21: 10794.632 | F21: 10319.019 | G21: 5657 | H21: =G21/F21 -> 0.54821104
A23: Plot | K23: Output tps/chip
B24: Roofline Decode tps/chip | J24: Summary | K24: actual | L24: increment
B25: # chips | C25: GFC | D25: GB200 | J25: GF - Mar 2026 (4-chip, best) | K25: 1630
B26: 4 | C26: =E12 -> 7995.6563 | D26: =E13 -> 8668.2684 | J26: GF - May 2026 (4-chip, best) | K26: =G12 -> 2760
B27: 8 | C27: =E14 -> 10096.825 | D27: =E15 -> 12409.605 | J27: GF - June 2026 Projection (4 or 8 chips) | K27: 3427 | L27: =K27*0.2 -> 685.4 | M27: =sum(K27:L27) -> 4112.4
B28: 16 | C28: =E16 -> 9137.9091 | D28: =E17 -> 14750.29 | J28: GB200 4-chip Baseline (Internally produced) | K28: =G13 -> 4438
B29: 32 | C29: =E18 -> 8468.6125 | D29: =E19 -> 13211.79 | J29: GB200 InferenceX 4-chip Baseline | K29: 2073
J30: GB200 InferenceX 32+4 Disagg Baseline | K30: =G21 -> 5657
H37: =14750/9138 -> 1.6141388
H38: =1/H37 -> 0.61952542
H39: =1-H38 -> 0.38047458
B52: # chips | C52: GF Roofline | D52: GF Measured | E52: GB200 Roofline | F52: GB200 Measured/Reported
B53: 4 | C53: =F12 -> 7617.1152 | D53: =G12 -> 2760 | E53: =F13 -> 8275.4296 | F53: =G13 -> 4438
B54: 8 | C54: =F14 -> 9359.1659 | D54: =G14 -> 2600 | E54: =F15 -> 11691.019
B55: 16 | C55: =F16 -> 8337.1891 | E55: =F17 -> 13746.976
B56: 32 | C56: =F18 -> 7720.3633 | E56: =F19 -> 12394.279
B57: 32+4 (Disagg) | E57: =F21 -> 10319.019 | F57: =G21 -> 5657
A92: Breakdown Comparison - Last Decode Token
B94: 8 Chips, Last Decode Token, Single Layer Roofline Operator Comparison
B95: Operator | C95: GFC (ms) | D95: GB200 (ms) | E95: GFC - GB200 (ms) | F95: Contribution to Perf Delta | G95: GB200/GFC time
B96: Q Down Proj | C96: 0.0035 | D96: 0.0038 | E96: =C96-D96 -> -0.0003 | F96: =E96/$C$108 -> -0.00047073592 | G96: =D96/C96 -> 1.0857143
B97: Q Up Proj | C97: 0.0127 | D97: 0.0129 | E97: =C97-D97 -> -0.0002 | F97: =E97/$C$108 -> -0.00031382394 | G97: =D97/C97 -> 1.015748
B98: Q Proj to K | C98: 0.0089 | D98: 0.009 | E98: =C98-D98 -> -0.0001 | F98: =E98/$C$108 -> -0.00015691197 | G98: =D98/C98 -> 1.011236
B99: KV Down Proj | C99: 0.0015 | D99: 0.0017 | E99: =C99-D99 -> -0.0002 | F99: =E99/$C$108 -> -0.00031382394 | G99: =D99/C99 -> 1.1333333
B100: MLA FlashAttention | C100: 0.2706 | D100: 0.2282 | E100: =C100-D100 -> 0.0424 | F100: =E100/$C$108 -> 0.066530676 | G100: =D100/C100 -> 0.84331116
B101: V Up Proj | C101: 0.0067 | D101: 0.009 | E101: =C101-D101 -> -0.0023 | F101: =E101/$C$108 -> -0.0036089754 | G101: =D101/C101 -> 1.3432836
B102: O Proj | C102: 0.0339 | D102: 0.01 | E102: =C102-D102 -> 0.0239 | F102: =E102/$C$108 -> 0.037501961 | G102: =D102/C102 -> 0.29498525
B104: Dispatch | C104: 0.0641 | D104: 0.0583 | E104: =C104-D104 -> 0.0058 | F104: =E104/$C$108 -> 0.0091008944 | G104: =D104/C104 -> 0.90951638
B105: FFi+FFiG | C105: 0.069 | D105: 0.0633 | E105: =C105-D105 -> 0.0057 | F105: =E105/$C$108 -> 0.0089439824 | G105: =D105/C105 -> 0.9173913
B106: FFo | C106: 0.0383 | D106: 0.0355 | E106: =C106-D106 -> 0.0028 | F106: =E106/$C$108 -> 0.0043935352 | G106: =D106/C106 -> 0.92689295
B107: Collect | C107: 0.1282 | D107: 0.0889 | E107: =C107-D107 -> 0.0393 | F107: =E107/$C$108 -> 0.061666405 | G107: =D107/C107 -> 0.69344774
B108: Total | C108: 0.6373 | D108: 0.5204 | E108: =C108-D108 -> 0.1169 | F108: =E108/$C$108 -> 0.1834301 | G108: =D108/C108 -> 0.8165699
B112: 16 Chips, Last Decode Token, Single Layer Roofline Operator Comparison
B113: Operator | C113: GFC (ms) | D113: GB200 (ms) | E113: GFC - GB200 (ms) | F113: Contribution to Perf Delta | G113: GB200/GFC time
B114: Q Down Proj | C114: 0.0037 | D114: 0.0053 | E114: =C114-D114 -> -0.0016 | F114: =E114/$C$126 -> -0.0016520392 | G114: =D114/C114 -> 1.4324324
B115: Q Up Proj | C115: 0.0136 | D115: 0.018 | E115: =C115-D115 -> -0.0044 | F115: =E115/$C$126 -> -0.0045431079 | G115: =D115/C115 -> 1.3235294
B116: Q Proj to K | C116: 0.0115 | D116: 0.0117 | E116: =C116-D116 -> -0.0002 | F116: =E116/$C$126 -> -0.0002065049 | G116: =D116/C116 -> 1.0173913
B117: KV Down Proj | C117: 0.0017 | D117: 0.002 | E117: =C117-D117 -> -0.0003 | F117: =E117/$C$126 -> -0.00030975736 | G117: =D117/C117 -> 1.1764706
B118: MLA FlashAttention | C118: 0.3788 | D118: 0.3195 | E118: =C118-D118 -> 0.0593 | F118: =E118/$C$126 -> 0.061228704 | G118: =D118/C118 -> 0.84345301
B119: V Up Proj | C119: 0.0084 | D119: 0.0117 | E119: =C119-D119 -> -0.0033 | F119: =E119/$C$126 -> -0.0034073309 | G119: =D119/C119 -> 1.3928571
B120: O Proj | C120: 0.0344 | D120: 0.014 | E120: =C120-D120 -> 0.0204 | F120: =E120/$C$126 -> 0.0210635 | G120: =D120/C120 -> 0.40697674
B122: Dispatch | C122: 0.1427 | D122: 0.0757 | E122: =C122-D122 -> 0.067 | F122: =E122/$C$126 -> 0.069179143 | G122: =D122/C122 -> 0.53048353
B123: FFi+FFiG | C123: 0.0589 | D123: 0.0339 | E123: =C123-D123 -> 0.025 | F123: =E123/$C$126 -> 0.025813113 | G123: =D123/C123 -> 0.57555178
B124: FFo | C124: 0.0295 | D124: 0.0223 | E124: =C124-D124 -> 0.0072 | F124: =E124/$C$126 -> 0.0074341766 | G124: =D124/C124 -> 0.7559322
B125: Collect | C125: 0.2854 | D125: 0.1206 | E125: =C125-D125 -> 0.1648 | F125: =E125/$C$126 -> 0.17016004 | G125: =D125/C125 -> 0.42256482
B126: Total | C126: 0.9685 | D126: 0.6346 | E126: =C126-D126 -> 0.3339 | F126: =E126/$C$126 -> 0.34475994 | G126: =D126/C126 -> 0.65524006
A131: Projected Performance (5/13/2026)
C132: 4x GF | D132: 8x GF
B133: Layer % Roofline | C133: 0.5 | D133: 0.5
B134: E2E % Roofline | C134: 0.45 | D134: 0.45
B135: E2E Projected Output tps/chip | C135: =F12*C134 -> 3427.7018 | D135: =F14*D134 -> 4211.6247
B136: % of 4x GB200 | C136: =C135/$G$13 -> 0.77235283 | D136: =D135/$G$13 -> 0.94899158
B137: % of InferenceX | C137: =C135/$G$21 -> 0.60592219 | D137: =D135/$G$21 -> 0.74449791

Sheet DB
A1: Hardware Spec | C1: GhostFish (P3) | D1: GB200 | E1: GhostFish (P3) Derated | F1: GB200 Derated | H1: GB200 / GFC Derated
A2: # of TensorCore per Chip | C2: 2 | D2: 1 | E2: =$C2 -> 2 | F2: =$D2 -> 1
A3: Per-Chip HBM-BW (GB/s) | C3: 7315 | D3: 8000 | E3: =$C3*E$18 -> 6729.8 | F3: =$D3*F$18 -> 7200 | H3: =F3/E3 -> 1.0698683
A4: Per-Chip TFLOPS (fp4) | C4: =4614*0.86 -> 3968.04 | D4: 10000 | E4: =$C4*E$19 -> 3571.236 | F4: =$D4*F$19 -> 7500 | H4: =F4/E4 -> 2.1001132
A5: Per-Chip TFLOPS (fp8) | C5: =4614*0.86 -> 3968.04 | D5: 5000 | E5: =$C5*E$19 -> 3571.236 | F5: =$D5*F$19 -> 3750 | H5: =F5/E5 -> 1.0500566
A6: Per-Chip TFLOPS (fp16) | C6: =2307*0.86 -> 1984.02 | D6: 2500 | E6: =$C6*E$19 -> 1785.618 | F6: =$D6*F$19 -> 1875 | H6: =F6/E6 -> 1.0500566
A7: Per-Chip HBM Capacity (GiB) | C7: 192 | D7: =round(192*1000000000/(1024^3), 0) -> 179 | E7: =$C7 -> 192 | F7: =$D7 -> 179 | H7: =F7/E7 -> 0.93229167
A8: Per-Core HBM-BW (GB/s) | C8: =C3/C$2 -> 3657.5 | D8: =D3/D$2 -> 8000 | E8: =$C8*E$18 -> 3364.9 | F8: =$D8*F$18 -> 7200
A9: Per-Core TFLOPS (fp4) | C9: =C4/C$2 -> 1984.02 | D9: =D4/D$2 -> 10000 | E9: =$C9*E$19 -> 1785.618 | F9: =$D9*F$19 -> 7500
A10: Per-Core TFLOPS (fp8) | C10: =C5/C$2 -> 1984.02 | D10: =D5/D$2 -> 5000 | E10: =$C10*E$19 -> 1785.618 | F10: =$D10*F$19 -> 3750
A11: Per-Core TFLOPS (bf16) | C11: =C6/C$2 -> 992.01 | D11: =D6/D$2 -> 2500 | E11: =$C11*E$19 -> 892.809 | F11: =$D11*F$19 -> 1875
A12: Per-Core HBM Capacity (GiB) | C12: =C7/$C$2 -> 96 | D12: =D7/D$2 -> 179 | E12: =$C12 -> 96 | F12: =$D12 -> 179
A13: Core-to-Core ICI Bandwidth (uni, GB/s) | C13: 1600 | D13: 900 | E13: =$C13*E$20 -> 600 | F13: =$D13*F$20 -> 900
A14: Chip-to-Chip ICI Bandwidth (uni, GB/s) | C14: 100 | D14: 900 | E14: =$C14*E$21 -> 80 | F14: =$D14*F$21 -> 900
A15: Chip-to-Chip ICI Latency (ms) | C15: 0.0013 | D15: 0 | E15: =$C15 -> 0.0013 | F15: =$D15 -> 0
A16: Min MXU Contracting Dim | C16: 256 | D16: 1 | E16: =$C16 -> 256 | F16: =$D16 -> 1
A18: HBM BW Derate | E18: 0.92 | F18: 0.9
A19: TFLOPS Derate | E19: 0.9 | F19: 0.75
A20: Core-to-Core Interconnect Derate | E20: 0.375 | F20: 1
A21: Chip-to-Chip Interconnect Derate | E21: 0.8 | F21: 1
A25: GFC Topology and Bandwidth Table
A26: # Chips | B26: Detailed Topology (m=mesh, t=torus) | C26: # of Bisection Links (bidirectional) | D26: Total # Unidirectional Links | E26: Simplified Topology | F26: Total # Bidirectional Links | G26: Max # Hops
A27: 2 | B27: 2m | C27: 1 | D27: 2 | E27: 2 | F27: =D27/2 -> 1 | G27: 1
A28: 4 | B28: 2m,2m | C28: 2 | D28: 8 | E28: 2x2 | F28: =D28/2 -> 4 | G28: 2
A29: 8 | B29: 2m,2m,2m | C29: 4 | D29: 24 | E29: 2x2x2 | F29: =D29/2 -> 12 | G29: 3
A30: 16 | B30: 4t,4t | C30: 8 | D30: 64 | E30: 4x4 | F30: =D30/2 -> 32 | G30: =2+2 -> 4
A31: 32 | B31: 4t,4t,2m | C31: 16 | D31: =80*2 -> 160 | E31: 4x4x2 | F31: =D31/2 -> 80 | G31: 5

Sheet NCCL Benchmark
A1: chip | B1: operation | C1: size | D1: num_chips | E1: time | F1: algbw | G1: busbw | H1: datetime | I1: AG/RS/A2A theoretical time GB200 (us) | J1: % of theoretical
A2: B200 | B2: all_gather | C2: 128 | D2: 2 | E2: 8.52 | F2: 0.02 | G2: 0.01 | H2: 45960.839
A3: B200 | B3: all_gather | C3: 256 | D3: 2 | E3: 8.58 | F3: 0.03 | G3: 0.01 | H3: 45960.839
A4: B200 | B4: all_gather | C4: 512 | D4: 2 | E4: 8.66 | F4: 0.06 | G4: 0.03 | H4: 45960.839
A5: B200 | B5: all_gather | C5: 1024 | D5: 2 | E5: 8.68 | F5: 0.12 | G5: 0.06 | H5: 45960.839
A6: B200 | B6: all_gather | C6: 2048 | D6: 2 | E6: 8.77 | F6: 0.23 | G6: 0.12 | H6: 45960.839
A7: B200 | B7: all_gather | C7: 4096 | D7: 2 | E7: 8.95 | F7: 0.46 | G7: 0.23 | H7: 45960.839
A8: B200 | B8: all_gather | C8: 8192 | D8: 2 | E8: 9.4 | F8: 0.87 | G8: 0.44 | H8: 45960.839
A9: B200 | B9: all_gather | C9: 16384 | D9: 2 | E9: 9.62 | F9: 1.7 | G9: 0.85 | H9: 45960.839
A10: B200 | B10: all_gather | C10: 32768 | D10: 2 | E10: 9.81 | F10: 3.34 | G10: 1.67 | H10: 45960.839
A11: B200 | B11: all_gather | C11: 65536 | D11: 2 | E11: 10.04 | F11: 6.53 | G11: 3.26 | H11: 45960.839
A12: B200 | B12: all_gather | C12: 131072 | D12: 2 | E12: 10.06 | F12: 13.03 | G12: 6.51 | H12: 45960.839
A13: B200 | B13: all_gather | C13: 262144 | D13: 2 | E13: 10.19 | F13: 25.72 | G13: 12.86 | H13: 45960.839
... A705: B200 | B705: reduce_scatter | C705: 4294967296 | D705: 8 | E705: 5710.9 | F705: 752.07 | G705: 658.06 | H705: 45960.839
A706: GB200 | B706: ALL_GATHER | C706: 128 | D706: 2 | E706: 10.29 | F706: 0.01 | G706: 0.01 | H706: 46096 | I706: =(D706-1)*(C706/D706)/(900*1000*1000*1000)*1000*1000 -> 7.1111111e-05 | J706: =I706/E706 -> 6.9107008e-06
A707: GB200 | B707: ALL_GATHER | C707: 256 | D707: 2 | E707: 10.14 | F707: 0.03 | G707: 0.01 | H707: 46096 | I707: =(D707-1)*(C707/D707)/(900*1000*1000*1000)*1000*1000 -> 0.00014222222 | J707: =I707/E707 -> 1.402586e-05
A708: GB200 | B708: ALL_GATHER | C708: 512 | D708: 2 | E708: 10.22 | F708: 0.05 | G708: 0.03 | H708: 46096 | I708: =(D708-1)*(C708/D708)/(900*1000*1000*1000)*1000*1000 -> 0.00028444444 | J708: =I708/E708 -> 2.7832137e-05
A709: GB200 | B709: ALL_GATHER | C709: 1024 | D709: 2 | E709: 10.26 | F709: 0.1 | G709: 0.05 | H709: 46096 | I709: =(D709-1)*(C709/D709)/(900*1000*1000*1000)*1000*1000 -> 0.00056888889 | J709: =I709/E709 -> 5.544726e-05
A710: GB200 | B710: ALL_GATHER | C710: 2048 | D710: 2 | E710: 10.34 | F710: 0.2 | G710: 0.1 | H710: 46096 | I710: =(D710-1)*(C710/D710)/(900*1000*1000*1000)*1000*1000 -> 0.0011377778 | J710: =I710/E710 -> 0.00011003654
A711: GB200 | B711: ALL_GATHER | C711: 4096 | D711: 2 | E711: 10.78 | F711: 0.38 | G711: 0.19 | H711: 46096 | I711: =(D711-1)*(C711/D711)/(900*1000*1000*1000)*1000*1000 -> 0.0022755556 | J711: =I711/E711 -> 0.0002110905
A712: GB200 | B712: ALL_GATHER | C712: 8192 | D712: 2 | E712: 10.8 | F712: 0.76 | G712: 0.38 | H712: 46096 | I712: =(D712-1)*(C712/D712)/(900*1000*1000*1000)*1000*1000 -> 0.0045511111 | J712: =I712/E712 -> 0.00042139918
A713: GB200 | B713: ALL_GATHER | C713: 16384 | D713: 2 | E713: 10.89 | F713: 1.5 | G713: 0.75 | H713: 46096 | I713: =(D713-1)*(C713/D713)/(900*1000*1000*1000)*1000*1000 -> 0.0091022222 | J713: =I713/E713 -> 0.00083583308
A714: GB200 | B714: ALL_GATHER | C714: 32768 | D714: 2 | E714: 10.95 | F714: 2.99 | G714: 1.5 | H714: 46096 | I714: =(D714-1)*(C714/D714)/(900*1000*1000*1000)*1000*1000 -> 0.018204444 | J714: =I714/E714 -> 0.0016625063
A715: GB200 | B715: ALL_GATHER | C715: 65536 | D715: 2 | E715: 11.18 | F715: 5.86 | G715: 2.93 | H715: 46096 | I715: =(D715-1)*(C715/D715)/(900*1000*1000*1000)*1000*1000 -> 0.036408889 | J715: =I715/E715 -> 0.003256609
A716: GB200 | B716: ALL_GATHER | C716: 131072 | D716: 2 | E716: 11.15 | F716: 11.76 | G716: 5.88 | H716: 46096 | I716: =(D716-1)*(C716/D716)/(900*1000*1000*1000)*1000*1000 -> 0.072817778 | J716: =I716/E716 -> 0.0065307424
A717: GB200 | B717: ALL_GATHER | C717: 262144 | D717: 2 | E717: 11.68 | F717: 22.44 | G717: 11.22 | H717: 46096 | I717: =(D717-1)*(C717/D717)/(900*1000*1000*1000)*1000*1000 -> 0.14563556 | J717: =I717/E717 -> 0.012468798
... A2334: GB200 | B2334: REDUCE_SCATTER | C2334: 17179869184 | D2334: 32 | E2334: 23795.2 | F2334: 721.99 | G2334: 699.43 | H2334: 46096 | I2334: =(D2334-1)*(C2334/D2334)/(900*1000*1000*1000)*1000*1000 -> 18492.22 | J2334: =I2334/E2334 -> 0.77714078

Sheet Ming test Decode Last Token
A1: Contact: donghyun@, gpolovets@, miliu@. Feedback/Bug reports are welcome!
A2: Description | B2: Symbol | C2: Value | F2: Sharding (Axis Name) | G2: # of Devices | H2: Notes | Q2: Size In Bytes | T2: MXU dtype
A3: Embedding Dimension | B3: D | C3: 7168 | F3: [ ↓ Configurable Values] | Q3: fp4 | R3: 0.5 | T3: =U3&","&V3 -> fp4,fp4 | U3: fp4 | V3: fp4 | W3: fp4
A4: Hidden Dimension | B4: F | C4: 2048 | F4: model | G4: ='Config and Summary'!$C8 -> 1 | Q4: fp8 | R4: 1 | T4: =U4&","&V4 -> fp4,fp8 | U4: fp4 | V4: fp8 | W4: fp8
A5: # of experts | B5: E | C5: 256 | F5: data | G5: ='Config and Summary'!$C9 -> 16 | H5: Also used for expert sharding for MoE | Q5: bf16 | R5: 2 | T5: =U5&","&V5 -> fp4,bf16 | U5: fp4 | V5: bf16 | W5: bf16
A6: # of Layers | B6: L | C6: 61 | F6: seq | G6: ='Config and Summary'!$C10 -> 1 | T6: =U6&","&V6 -> fp8,fp4 | U6: fp8 | V6: fp4 | W6: fp8
A7: # of Dense Layers | B7: DL | C7: 3 | F7: attn_model | G7: ='Config and Summary'!$C11 -> 1 | H7: Used if attention is replicated | T7: =U7&","&V7 -> fp8,fp8 | U7: fp8 | V7: fp8 | W7: fp8
A8: # of experts to be activated per token | B8: top_k | C8: 8 | F8: [ ↓ Derived Values]
A9: The dimension of the compressed latent vector for Query | B9: c_q | C9: 1536 | F9: data,model | G9: =G5*G4 -> 16 | T9: =U9&","&V9 -> fp8,bf16 | U9: fp8 | V9: bf16 | W9: bf16
A10: The dimension of the compressed latent vector for KV | B10: c_kv | C10: 512 | F10: Total # of devices | G10: =PRODUCT(G3:G6) -> 16 | T10: =U10&","&V10 -> bf16,fp4 | U10: bf16 | V10: fp4 | W10: bf16
A11: The dimension of Non-RoPE part of the query head | B11: h_nope | C11: 128 | F11: Total # of chips | G11: =$G$10/$H$18 -> 8 | T11: =U11&","&V11 -> bf16,fp8 | U11: bf16 | V11: fp8 | W11: bf16
A12: The dimension of the RoPE part of the query head | B12: h_rope | C12: 64 | T12: bf16,bf16 | U12: bf16 | V12: bf16 | W12: bf16
A13: The number of Attention Heads (Query) | B13: n_q | C13: 128
A14: [ ↓ Derived parameters]
A15: h_nope+h_rope | B15: h_nope+h_rope | C15: =$C$11+$C$12 -> 192
A16: c_kv+h_rope | B16: c_kv+h_rope | C16: =$C$10+$C$12 -> 576
A17: # of Duplicated tokens (top_k times) | B17: kT | C17: =C8*$C$25 -> 8 | F17: Hardware Spec | H17: ='Config and Summary'!C4 -> GhostFish (P3) Derated
A18: # of Devices | B18: num_devices | C18: =$G$10 -> 16 | F18: {=DB!A2:A16} -> # of TensorCore per Chip | H18: {=xlookup($H$17,DB!1:1,DB!2:16)} -> 2
A19: # of Chips | B19: num_chips | C19: =$G$11 -> 8 | F19: Per-Chip HBM-BW (GB/s) | H19: 6729.8
A20: [TPU] Assumed Topology | B20: topo | C20: =vlookup(C19, DB!$A$26:$F$31, 5, False) -> 2x2x2 | F20: Per-Chip TFLOPS (fp4) | H20: 3571.236
A21: [TPU] Total # of Bidir Links | B21: num_links_in_topo | C21: =vlookup(C19, DB!$A$26:$F$31, 6, False) -> 12 | F21: Per-Chip TFLOPS (fp8) | H21: 3571.236
F22: Per-Chip TFLOPS (fp16) | H22: 1785.618
A23: [ ↓ Configurable parameters] | F23: Per-Chip HBM Capacity (GiB) | H23: 192
A24: Regime | B24: R | C24: Decode | F24: Per-Core HBM-BW (GB/s) | H24: 3364.9
A25: Sequence Length (Q) | B25: T | C25: ='Config and Summary'!C14 -> 1 | F25: Per-Core TFLOPS (fp4) | H25: 1785.618
A26: Batch Size (power of 2) | B26: B | C26: ='Config and Summary'!C15 -> 2560 | F26: Per-Core TFLOPS (fp8) | H26: 1785.618
A27: Sequence Length (KV) | B27: S | C27: ='Config and Summary'!C16 -> 9216 | F27: Per-Core TFLOPS (bf16) | H27: 892.809
A28: Scheduler Latency Overhead | C28: ='Config and Summary'!C18 -> 0 | F28: Per-Core HBM Capacity (GiB) | H28: 96
A29: Roofline Discount Rate | C29: ='Config and Summary'!C19 -> 1 | F29: Core-to-Core ICI Bandwidth (uni, GB/s) | H29: 600
A30: Flash Attention Enabled | B30: flash_attn | C30: ='Config and Summary'!C20 -> TRUE | F30: Chip-to-Chip ICI Bandwidth (uni, GB/s) | H30: 80
A31: Enforce Perfect Expert Routing | B31: enforce_perfect_expert_routing | C31: ='Config and Summary'!C21 -> TRUE | F31: Chip-to-Chip ICI Latency (ms) | H31: 0.0013
A32: [ ↓ Configurable Numeric] | F32: Min MXU Contracting Dim | H32: 256
A33: KV Cache dtype | B33: kv_dtype | C33: ='Config and Summary'!C27 -> fp8
A34: Attention Projections Numeric | B34: attn_proj_dtype | C34: ='Config and Summary'!C28 -> w8a8
A35: Attention Output Projection Numerics | B35: attn_oproj_dtype | C35: ='Config and Summary'!C29 -> w8a8
A36: Attention "K" numeric from KV | B36: attn_kv_k_dtype | C36: ='Config and Summary'!C30 -> fp8
A37: Attention "A" numeric from AV | B37: attn_av_a_dtype | C37: ='Config and Summary'!C31 -> fp8
A38: Expert Dispatch Numeric | B38: expert_dispatch_dtype | C38: ='Config and Summary'!C32 -> fp8
A39: MoE Numeric | B39: moe_dtype | C39: ='Config and Summary'!C33 -> w4a8
A40: Expert Collect Numeric | B40: expert_collect_dtype | C40: ='Config and Summary'!C34 -> bf16
A42: Use Measured NCCL Lookup Table | B42: use_nccl_lookup | C42: ='Config and Summary'!C5 -> FALSE
A44: 💡Top Line Metrics
A45: Metric Name | B45: ="Value (" & H17 & ")" -> Value (GhostFish (P3) Derated)
A46: # of Tokens | B46: =$C26*$C25 -> 2560
A47: # Devices | B47: =G10 -> 16
A48: E2E Latency (s) | B48: =$G$76/1000 * $C$6 -> 0.038873086
A49: Throughput (tokens/s) | B49: =$B$46/$B$48 -> 65855.332
A50: Discounted Throughput (tokens/s) | B50: =B46/(B48*(1+C28))*C29 -> 65855.332
A51: Throughput (tokens/s/chip) | B51: =B50/$G$11 -> 8231.9165
G53: =sum(G57:G60)+G67+G69 -> 0.067096454
A55: ⚡Roofline Summary
A56: Category | B56: Op Name | C56: Memory Time (ms) | D56: Compute Time (ms) | E56: ICI Latency Time (ms) | F56: ICI BW Time (ms) | G56: Roofline Time (ms) | H56: Boundness | J56: % Sum | K56: ICI Overlap?
A57: MLA | B57: Q Down Proj | C57: =$H$141 -> 0.0035007831 | D57: =$H$139 -> 0.001973107 | E57: =$H$136 -> 0 | F57: =H134 -> 0 | G57: =IF(K57,max(C57:F57), max(C57:D57)+max(E57:F57)) -> 0.0035007831 | H57: =LET(maxtime, MAX(C57:F57), IFS(maxtime=0, "", C57=maxtime, "HBM", D57=maxtime, "Compute", E57=maxtime, "ICI Lt", F57=maxtime, "ICI BW")) -> HBM | J57: =G57/$G$74 -> 0.0054934607 | K57: TRUE
A58: MLA | B58: Q Up Proj | C58: =$H$168 -> 0.012692606 | D58: =$H$166 -> 0.0067649383 | F58: =H163 -> 0 | G58: =IF(K58,max(C58:F58), max(C58:D58)+max(E58:F58)) -> 0.012692606 | H58: =LET(maxtime, MAX(C58:F58), IFS(maxtime=0, "", C58=maxtime, "HBM", D58=maxtime, "Compute", E58=maxtime, "ICI Lt", F58=maxtime, "ICI BW")) -> HBM | J58: =G58/$G$74 -> 0.019917353 | K58: TRUE
A59: MLA | B59: Q Proj to K (K weight absoption) | C59: =$H$187 -> 0.0088517211 | D59: =$H$185 -> 0.0030066392 | G59: =IF(K59,max(C59:F59), max(C59:D59)+max(E59:F59)) -> 0.0088517211 | H59: =LET(maxtime, MAX(C59:F59), IFS(maxtime=0, "", C59=maxtime, "HBM", D59=maxtime, "Compute", E59=maxtime, "ICI Lt", F59=maxtime, "ICI BW")) -> HBM | J59: =G59/$G$74 -> 0.013890201
A60: MLA | B60: KV Down Proj | C60: =$H$206 -> 0.0015111865 | D60: =$H$204 -> 0.00073991512 | G60: =IF(K60,max(C60:F60), max(C60:D60)+max(E60:F60)) -> 0.0015111865 | H60: =LET(maxtime, MAX(C60:F60), IFS(maxtime=0, "", C60=maxtime, "HBM", D60=maxtime, "Compute", E60=maxtime, "ICI Lt", F60=maxtime, "ICI BW")) -> HBM | J60: =G60/$G$74 -> 0.0023713676
A61: MLA | B61: AllGather KV | F61: =$H$236 -> 0 | G61: =IF(K61,max(C61:F61), max(C61:D61)+max(E61:F61)) -> 0 | H61: =LET(maxtime, MAX(C61:F61), IFS(maxtime=0, "", C61=maxtime, "HBM", D61=maxtime, "Compute", E61=maxtime, "ICI Lt", F61=maxtime, "ICI BW")) | J61: =G61/$G$74 -> 0
A62: MLA | B62: FlashAttention | C62: =SUM(C64:C66) -> 0.24414788 | D62: =SUM(D64:D66) -> 0.27059753 | G62: =IF(PARAMS("flash_attn"),MAX(C62:F62),0) -> 0.27059753 | H62: =LET(maxtime, MAX(C62:F62), IFS(maxtime=0, "", C62=maxtime, "HBM", D62=maxtime, "Compute", E62=maxtime, "ICI Lt", F62=maxtime, "ICI BW")) -> Compute | J62: =G62/$G$74 -> 0.4246241
A63: MLA | B63: VanillaAttention | G63: =IF(PARAMS("flash_attn"),0,SUM(G64:G66)) -> 0 | H63: =LET(maxtime, MAX(C63:F63), IFS(maxtime=0, "", C63=maxtime, "HBM", D63=maxtime, "Compute", E63=maxtime, "ICI Lt", F63=maxtime, "ICI BW")) | J63: =G63/$G$74 -> 0
A64: MLA | B64: |- QK (nope) | C64: =$H$255 -> 0.21186087 | D64: =$H$253 -> 0.10823901 | G64: =max(C64:F64) -> 0.21186087 | H64: =LET(maxtime, MAX(C64:F64), IFS(maxtime=0, "", C64=maxtime, "HBM", D64=maxtime, "Compute", E64=maxtime, "ICI Lt", F64=maxtime, "ICI BW")) -> HBM
A65: MLA | B65: |- QK (rope) | C65: =$H$274 -> 0.026482608 | D65: =$H$272 -> 0.054119506 | G65: =max(C65:F65) -> 0.054119506 | H65: =LET(maxtime, MAX(C65:F65), IFS(maxtime=0, "", C65=maxtime, "HBM", D65=maxtime, "Compute", E65=maxtime, "ICI Lt", F65=maxtime, "ICI BW")) -> Compute
A66: MLA | B66: |- AV | C66: =$H$293 -> 0.0058044073 | D66: =$H$291 -> 0.10823901 | G66: =max(C66:F66) -> 0.10823901 | H66: =LET(maxtime, MAX(C66:F66), IFS(maxtime=0, "", C66=maxtime, "HBM", D66=maxtime, "Compute", E66=maxtime, "ICI Lt", F66=maxtime, "ICI BW")) -> Compute
A67: MLA | B67: V Up Proj (Weight Absorption) | C67: =H312 -> 0.0066750684 | D67: =H310 -> 0.0015033196 | G67: =IF(K67,max(C67:F67), max(C67:D67)+max(E67:F67)) -> 0.0066750684 | H67: =LET(maxtime, MAX(C67:F67), IFS(maxtime=0, "", C67=maxtime, "HBM", D67=maxtime, "Compute", E67=maxtime, "ICI Lt", F67=maxtime, "ICI BW")) -> HBM | J67: =G67/$G$74 -> 0.010474578 | K67: TRUE
A68: MLA | B68: AllGather | F68: =$G$327 -> 0 | G68: =IF(K68,max(C68:F68), max(C68:D68)+max(E68:F68)) -> 0 | H68: =LET(maxtime, MAX(C68:F68), IFS(maxtime=0, "", C68=maxtime, "HBM", D68=maxtime, "Compute", E68=maxtime, "ICI Lt", F68=maxtime, "ICI BW")) | J68: =G68/$G$74 -> 0
A69: MLA | B69: O Proj | C69: =H354 -> 0.033865089 | D69: =H352 -> 0.021046475 | F69: =$H$349 -> 0 | G69: =IF(K69,max(C69:F69), max(C69:D69)+max(E69:F69)) -> 0.033865089 | H69: =LET(maxtime, MAX(C69:F69), IFS(maxtime=0, "", C69=maxtime, "HBM", D69=maxtime, "Compute", E69=maxtime, "ICI Lt", F69=maxtime, "ICI BW")) -> HBM | J69: =G69/$G$74 -> 0.053141405 | K69: TRUE
A70: MoE | B70: Dispatch | E70: =$H$406 -> 0.0039 | F70: =$H$404 -> 0.064086914 | G70: =IF(K70,max(C70:F70), max(C70:D70)+max(E70:F70)) -> 0.064086914 | H70: =LET(maxtime, MAX(C70:F70), IFS(maxtime=0, "", C70=maxtime, "HBM", D70=maxtime, "Compute", E70=maxtime, "ICI Lt", F70=maxtime, "ICI BW")) -> ICI BW | J70: =G70/$G$74 -> 0.10056577
A71: MoE | B71: Gating x 2 + Act | C71: =$H$454 -> 0.068999891 | D71: =$H$452 -> 0.042092949 | F71: =$H$444 -> 0 | G71: =IF(K71,max(C71:F71), max(C71:D71)+max(E71:F71)) -> 0.068999891 | H71: =LET(maxtime, MAX(C71:F71), IFS(maxtime=0, "", C71=maxtime, "HBM", D71=maxtime, "Compute", E71=maxtime, "ICI Lt", F71=maxtime, "ICI BW")) -> HBM | J71: =G71/$G$74 -> 0.10827526 | K71: TRUE
A72: MoE | B72: Linear | C72: =$H$490 -> 0.038309088 | D72: =$H$488 -> 0.021046475 | F72: =$H$479 -> 0 | G72: =IF(K72,max(C72:F72), max(C72:D72)+max(E72:F72)) -> 0.038309088 | H72: =LET(maxtime, MAX(C72:F72), IFS(maxtime=0, "", C72=maxtime, "HBM", D72=maxtime, "Compute", E72=maxtime, "ICI Lt", F72=maxtime, "ICI BW")) -> HBM | J72: =G72/$G$74 -> 0.060114969 | K72: TRUE
A73: MoE | B73: Collect | E73: =$H$538 -> 0.0039 | F73: =$H$536 -> 0.12817383 | G73: =IF(K73,max(C73:F73), max(C73:D73)+max(E73:F73)) -> 0.12817383 | H73: =LET(maxtime, MAX(C73:F73), IFS(maxtime=0, "", C73=maxtime, "HBM", D73=maxtime, "Compute", E73=maxtime, "ICI Lt", F73=maxtime, "ICI BW")) -> ICI BW | J73: =G73/$G$74 -> 0.20113154
E74: Overlapping Strategy | F74: OptionA. No Overlapping | G74: =SUM(G57:G63,G67:G73) -> 0.63726371 | J74: =G74/$G$74 -> 1
F75: OptionB. Overlapping Expert Collectives | G75: =SUM(G57:G63,G67:G69)+MAX(G70:G71)+MAX(G72:G73) -> 0.5348677
A76: TOTAL | E76: Selected Strategy | F76: ='Config and Summary'!C24 -> OptionA. No Overlapping | G76: =IF(F76=F74,G74,G75) -> 0.63726371
A79: 💾 Memory Occupancy | E79: 🔍 Detailed Op Analysis 1 - MLA (Multi-head Latent Attention)
A80: Key | B80: Value | C80: Notes | E80: Operation | F80: Details | I80: Dimensions | O80: dtype | P80: Size(MiB) | Q80: VMEM Prefetched /Pinned
A81: Attention Weights, Global (GiB) | B81: =SUM(P90,P147,P174,P193,P299,P333) * PARAMS("L") / 1024 -> 10.629578 | E81: 0. Activation Before Attention Layer | F81: Activation Tensor | H81: Dimension Name | I81: ( | K81: B | L81: T | M81: D | N81: ) | O81: fp8
A82: MoE Weights, Global (GiB) | B82: =SUM($P$362,$P$460) * PARAMS("L") / 1024 -> 115.08984 | H82: Global Shape | I82: ( | K82: =PARAMS(K81) -> 2560 | L82: =PARAMS(L81) -> 1 | M82: =PARAMS(M81) -> 7168 | N82: ) | P82: =SIZEOF_IN_MIB(J82:M82, $O81) -> 17.5
A83: Other Weights, Global (GiB) | H83: Sharding | I83: ( | K83: data,model | N83: )
A84: KV Cache Size, Global (GiB) | B84: =SIZEOF_IN_MIB(PARAMS("B")*PARAMS("S")*PARAMS("L")*(PARAMS("c_kv")+PARAMS("h_rope")), PARAMS("kv_dtype"))/1024 -> 772.03125 | H84: Local Shape (per-core) | I84: ( | K84: =K82/SHARDING(K83) -> 160 | L84: =L82/SHARDING(L83) -> 1 | M84: =M82/SHARDING(M83) -> 7168 | N84: ) | P84: =SIZEOF_IN_MIB(J84:M84, $O81) -> 1.09375
A85: Intermediate Activation Tensors, Global (GiB) | B85: =MAX(P90,P109,P139,P166,P185,P204,P253,P272,P291,P307,P369,P419,P504,P524)/1024 -> 0.010253906 | E85: 1. Q Down Proj | F85: LHS | H85: Dimension Name | I85: ( | K85: B | L85: T | M85: D | N85: ) | O85: =EXTRACT_ACTIVATION_DTYPE(PARAMS("attn_proj_dtype")) -> fp8 | Q85: FALSE
A86: TOTAL (Global) | B86: =SUM(B81:B84) -> 897.75067 | C86: ="<=" & ($H$28 * PARAMS("num_devices")) & " (Capacity)?" -> <=1536 (Capacity)? | H86: Global Shape | I86: ( | K86: =PARAMS(K85) -> 2560 | L86: =PARAMS(L85) -> 1 | M86: =PARAMS(M85) -> 7168 | N86: ) | P86: =SIZEOF_IN_MIB(J86:M86, $O85) -> 17.5
H87: Sharding | I87: ( | K87: data,model | N87: )
A88: Attention Weights, Local (GiB) | B88: =SUM(P92,P149,P176,P195,P301,P335) * PARAMS("L") / 1024 -> 10.629578 | H88: Local Shape (per-core) | I88: ( | K88: =K86/SHARDING(K87) -> 160 | L88: =L86/SHARDING(L87) -> 1 | M88: =M86/SHARDING(M87) -> 7168 | N88: ) | P88: =SIZEOF_IN_MIB(J88:M88, $O85) -> 1.09375
A89: MoE Weights, Local (GiB) | B89: =SUM(P414,P462) * PARAMS("L") / 1024 -> 20.015625 | F89: RHS | H89: Dimension Name | I89: ( | L89: D | M89: c_q | N89: ) | O89: =EXTRACT_WEIGHT_DTYPE(PARAMS("attn_proj_dtype")) -> fp8 | Q89: FALSE
A90: Other Weights, Global (GiB) | H90: Global Shape | I90: ( | L90: =PARAMS(L89) -> 7168 | M90: =PARAMS(M89) -> 1536 | N90: ) | P90: =SIZEOF_IN_MIB(J90:M90, $O89) -> 10.5
A91: KV Cache Size, Local (GiB) | B91: =B84/PARAMS("num_devices") -> 48.251953 | H91: Sharding | I91: ( | N91: )
A92: Intermediate Activation Tensors, Local (GiB) | B92: =MAX(P92,P111,P141,P168,P187,P206,P255,P274,P293,P309,P371,P421,P506,P526)/1024 -> 0.010253906 | H92: Local Shape (per-core) | I92: ( | L92: =L90/SHARDING(L91) -> 7168 | M92: =M90/SHARDING(M91) -> 1536 | N92: ) | P92: =SIZEOF_IN_MIB(J92:M92, $O89) -> 10.5
A93: TOTAL (Local) | B93: =SUM(B88:B91) -> 78.897156 | C93: ="<=" & ($H$28) & " (Capacity)?" -> <=96 (Capacity)? | F93: Output | H93: Dimension Name | I93: ( | K93: B | L93: T | M93: c_q | N93: ) | O93: bf16 | Q93: FALSE
A94: Memory Occupancy OK | B94: =if(B93 <= HW_SPEC("Per-Core HBM Capacity (GiB)"), TRUE, FALSE) -> TRUE | H94: Global Shape | I94: ( | K94: =PARAMS(K93) -> 2560 | L94: =PARAMS(L93) -> 1 | M94: =PARAMS(M93) -> 1536 | N94: ) | P94: =SIZEOF_IN_MIB(K94:M94, $O93) -> 7.5
H95: Sharding | I95: ( | K95: data,model | N95: )
H96: Local Shape (per-core) | I96: ( | K96: =K94/SHARDING(K95) -> 160 | L96: =L94/SHARDING(L95) -> 1 | M96: =M94/SHARDING(M95) -> 1536 | N96: ) | P96: =SIZEOF_IN_MIB(K96:M96, $O93) -> 0.46875
B97: =B93/96 -> 0.82184537 | F97: Pre-operation Collectives | G97: Transferring Tensor | H97: Dimension Name | I97: ( | J97: {=J81:M84} | K97: B | L97: T | M97: D | N97: ) | O97: =O85 -> fp8
H98: Global Shape | I98: ( | K98: 2560 | L98: 1 | M98: 7168 | N98: ) | P98: =SIZEOF_IN_MIB(J98:M98, O97) -> 17.5
H99: Source Sharding | I99: ( | K99: data,model | N99: )
H100: Source Local Shape (per-core) | I100: ( | K100: 160 | L100: 1 | M100: 7168 | N100: ) | P100: =SIZEOF_IN_MIB(J100:M100, O97) -> 1.09375
H101: Target Sharding | I101: ( | N101: )
G102: Strategy A: All-Gather Tokens with no chiplet involved
G103: # of devices involved | H103: =SHARDING(K99)*SHARDING(L99)*SHARDING(M99) -> 16
G104: Per-device: Data transferred from a device (MiB) | H104: =P100 * (H103-1) -> 16.40625
G105: Global Traffic Size (MiB) | H105: =H104*H103 -> 262.5
G106: # of Links involved | H106: =IFS(H103=8,12, H103=4,4, H103=2,1, H103=1,0, TRUE,NA()) -> #N/A
...

Sheet Weight Absorb Analysis
A3: Tensor | B3: Dimensions | E3: dtype bytes | F3: Size (MiB)
A4: Wo | B4: n_q | C4: h_nope | D4: D
B5: 128 | C5: 128 | D5: 7168 | E5: 1 | F5: =product(B5:E5)/1024/1024 -> 112
A6: Wuv | B6: n_q | C6: h_nope | D6: c_kv
B7: 128 | C7: 128 | D7: 512 | E7: 1 | F7: =product(B7:E7)/1024/1024 -> 8
E8: Total | F8: =F5+F7 -> 120
A10: Wuv*Wo (contract on h_nope) | B10: n_q | C10: c_kv | D10: D
B11: 128 | C11: 512 | D11: 7168 | E11: 1 | F11: =product(B11:E11)/1024/1024 -> 448
A12: Activation Saved (if not already in VMEM) | B12: B | C12: n_q | D12: h_nope
B13: 256 | C13: 128 | D13: 192 | E13: 2 | F13: =product(B13:E13)/1024/1024 -> 12
E14: Total | F14: =F11-F13 -> 436
A16: Wuk | B16: n_q | C16: h_nope | D16: c_kv
B17: 128 | C17: 128 | D17: 512 | E17: 1 | F17: =product(B17:E17)/1024/1024 -> 8
A18: Wuq | B18: c_q | C18: n_q | D18: h_nope
B19: 1536 | C19: 128 | D19: 128 | E19: 1 | F19: =product(B19:E19)/1024/1024 -> 24
E20: Total | F20: =F17+F19 -> 32
A22: Wuq*Wuk' (contract on h_nope) | B22: n_q | C22: c_q | D22: c_kv
B23: 128 | C23: 1536 | D23: 512 | E23: 1 | F23: =product(B23:E23)/1024/1024 -> 96
A24: Activation Saved (if not already in VMEM) | B24: B | C24: n_q | D24: h_nope
B25: 256 | C25: 128 | D25: 128 | E25: 2 | F25: =product(B25:E25)/1024/1024 -> 8
E26: Total | F26: =F23-F25 -> 88

Sheet Token Time Linear Interpolation
B1: Config: | C1: [1K/8K] GF 2x2 DP8/EP8 Aggregated MOE-a8w4
B2: Check modled roofline time vs linearly interpolated roofline time based on first / last token
B3: Seems close enough: | F3: 61
B4: KV len | C4: Time all layers (s) - Roofline | D4: Time all layers if linearly interpolated (s) | E4: delta | F4: Measured (all layers) | G4: % roofline
B5: 1024 | C5: 0.0241 | D5: =$C$5 + (($C$13 - $C$5) / ($B$13 - $B$5)) * (B5 - $B$5) -> 0.0241 | E5: =C5/D5-1 -> 0 | F5: =1.039*61/1000 -> 0.063379 | G5: =C5/F5 -> 0.38025213
B6: =B5+1024 -> 2048 | C6: 0.0254 | D6: =$C$5 + (($C$13 - $C$5) / ($B$13 - $B$5)) * (B6 - $B$5) -> 0.0255375 | E6: =C6/D6-1 -> -0.0053842389
B7: =B6+1024 -> 3072 | C7: 0.0268 | D7: =$C$5 + (($C$13 - $C$5) / ($B$13 - $B$5)) * (B7 - $B$5) -> 0.026975 | E7: =C7/D7-1 -> -0.0064874884
B8: =B7+1024 -> 4096 | C8: 0.0283 | D8: =$C$5 + (($C$13 - $C$5) / ($B$13 - $B$5)) * (B8 - $B$5) -> 0.0284125 | E8: =C8/D8-1 -> -0.0039595249 | F8: =1.2*$F$3/1000 -> 0.0732 | G8: =C8/F8 -> 0.38661202
B9: =B8+1024 -> 5120 | C9: 0.0297 | D9: =$C$5 + (($C$13 - $C$5) / ($B$13 - $B$5)) * (B9 - $B$5) -> 0.02985 | E9: =C9/D9-1 -> -0.0050251256
B10: =B9+1024 -> 6144 | C10: 0.0312 | D10: =$C$5 + (($C$13 - $C$5) / ($B$13 - $B$5)) * (B10 - $B$5) -> 0.0312875 | E10: =C10/D10-1 -> -0.002796644
B11: =B10+1024 -> 7168 | C11: 0.0327 | D11: =$C$5 + (($C$13 - $C$5) / ($B$13 - $B$5)) * (B11 - $B$5) -> 0.032725 | E11: =C11/D11-1 -> -0.00076394194
B12: =B11+1024 -> 8192 | C12: 0.0341 | D12: =$C$5 + (($C$13 - $C$5) / ($B$13 - $B$5)) * (B12 - $B$5) -> 0.0341625 | E12: =C12/D12-1 -> -0.0018294914
B13: =B12+1024 -> 9216 | C13: 0.0356 | D13: =$C$5 + (($C$13 - $C$5) / ($B$13 - $B$5)) * (B13 - $B$5) -> 0.0356 | E13: =C13/D13-1 -> 0 | F13: =1.488*F3/1000 -> 0.090768 | G13: =C13/F13 -> 0.39220871

Sheet DEPRECATED FROM HERE ON -->

Sheet Roofline Worksheet
A1: Contact: donghyun@, gpolovets@, miliu@. Feedback/Bug reports are welcome!
A2: Description | B2: Symbol | C2: Value | F2: Sharding (Axis Name) | G2: # of Devices | H2: Notes | Q2: Size In Bytes | T2: MXU dtype
A3: Embedding Dimension | B3: D | C3: 7168 | F3: [ ↓ Configurable Values] | Q3: fp4 | R3: 0.5 | T3: =U3&","&V3 -> fp4,fp4 | U3: fp4 | V3: fp4 | W3: fp4
A4: Hidden Dimension | B4: F | C4: 2048 | F4: model | G4: 1 | Q4: fp8 | R4: 1 | T4: =U4&","&V4 -> fp4,fp8 | U4: fp4 | V4: fp8 | W4: fp8
A5: # of experts | B5: E | C5: 256 | F5: data | G5: 16 | H5: Also used for expert sharding for MoE | Q5: bf16 | R5: 2 | T5: =U5&","&V5 -> fp4,bf16 | U5: fp4 | V5: bf16 | W5: bf16
A6: # of Layers | B6: L | C6: 61 | F6: seq | G6: 1 | T6: =U6&","&V6 -> fp8,fp4 | U6: fp8 | V6: fp4 | W6: fp8
A7: # of Dense Layers | B7: DL | C7: 3 | F7: attn_model | G7: 1 | H7: Used if attention is replicated | T7: =U7&","&V7 -> fp8,fp8 | U7: fp8 | V7: fp8 | W7: fp8
A8: # of experts to be activated per token | B8: top_k | C8: 8 | F8: [ ↓ Derived Values]
A9: The dimension of the compressed latent vector for Query | B9: c_q | C9: 1536 | F9: data,model | G9: =G5*G4 -> 16 | T9: =U9&","&V9 -> fp8,bf16 | U9: fp8 | V9: bf16 | W9: bf16
A10: The dimension of the compressed latent vector for KV | B10: c_kv | C10: 512 | F10: Total # of devices | G10: =PRODUCT(G3:G6) -> 16 | T10: =U10&","&V10 -> bf16,fp4 | U10: bf16 | V10: fp4 | W10: bf16
A11: The dimension of Non-RoPE part of the query head | B11: h_nope | C11: 128 | F11: Total # of chips | G11: =$G$10/$H$18 -> 8 | T11: =U11&","&V11 -> bf16,fp8 | U11: bf16 | V11: fp8 | W11: bf16
A12: The dimension of the RoPE part of the query head | B12: h_rope | C12: 64 | L12: TODO LIST | T12: bf16,bf16 | U12: bf16 | V12: bf16 | W12: bf16
A13: The number of Attention Heads (Query) | B13: n_q | C13: 128
A14: [ ↓ Derived parameters]
A15: h_nope+h_rope | B15: h_nope+h_rope | C15: =$C$11+$C$12 -> 192
A16: c_kv+h_rope | B16: c_kv+h_rope | C16: =$C$10+$C$12 -> 576
A17: # of Duplicated tokens (top_k times) | B17: kT | C17: =C8*$C$24 -> 8 | F17: Hardware Spec | G17: Derate Factor | H17: GhostFish (P3)
A18: # of Devices | B18: num_devices | C18: =$G$10 -> 16 | F18: {=DB!A2:A16} -> # of TensorCore per Chip | G18: 1 | H18: {=xlookup($H$17,DB!1:1,DB!2:16) * G18:G32} -> 2
A19: # of Chips | B19: num_chips | C19: =$G$11 -> 8 | F19: Per-Chip HBM-BW (GB/s) | G19: 0.8 | H19: 5852
A20: Assumed Topology | B20: topo | C20: =IFS(C19=16,"2x2x4",C19=8,"2x2x2",C19=4,"2x2",TRUE,NA) -> 2x2x2 | F20: Per-Chip TFLOPS (fp4) | G20: 1 | H20: 3968.04
A21: # of Links in the current topology | B21: num_links_in_topo | C21: =IFS(C20="2x2x4",32,C20="2x2x2",12,C20="2x2",4,TRUE,NA()) -> 12 | F21: Per-Chip TFLOPS (fp8) | G21: 1 | H21: 3968.04
A22: [ ↓ Configurable parameters] | F22: Per-Chip TFLOPS (fp16) | G22: 1 | H22: 1984.02
A23: Regime | B23: R | C23: Decode | F23: Per-Chip HBM Capacity (GiB) | G23: 1 | H23: 192
A24: Sequence Length (Q) | B24: T | C24: =IF(C23="Decode", 1, 2048) -> 1 | F24: Per-Core HBM-BW (GB/s) | G24: 0.8 | H24: 2926
A25: Batch Size (power of 2) | B25: B | C25: 2048 | F25: Per-Core TFLOPS (fp4) | G25: 1 | H25: 1984.02
A26: Sequence Length (KV) | B26: S | C26: =1024+4096 -> 5120 | F26: Per-Core TFLOPS (fp8) | G26: 1 | H26: 1984.02
A27: Scheduler Latency Overhead | C27: 0 | F27: Per-Core TFLOPS (bf16) | G27: 1 | H27: 992.01
A28: Roofline Discount Rate | C28: 1 | F28: Per-Core HBM Capacity (GiB) | G28: 1 | H28: 96
A29: Flash Attention Enabled | B29: flash_attn | C29: TRUE | F29: Core-to-Core ICI Bandwidth (uni, GB/s) | G29: 0.375 | H29: 600
A30: Enforce Perfect Expert Routing | B30: enforce_perfect_expert_routing | C30: TRUE | F30: Chip-to-Chip ICI Bandwidth (uni, GB/s) | G30: 0.8 | H30: 80
A31: Expert Imbalance Ratio | B31: expert_imbalance_ratio | C31: 1 | F31: Chip-to-Chip ICI Latency (ms) | G31: 1 | H31: 0.0013
A32: [ ↓ Configurable Numeric] | F32: Min MXU Contracting Dim | G32: 1 | H32: 256
A33: KV Cache dtype | B33: kv_dtype | C33: fp8
A34: Attention Projections Numeric | B34: attn_proj_dtype | C34: w8a8 | F34: Maximum Batchsize Calculation
A35: Attention "K" numeric from QK | B35: attn_kv_k_dtype | C35: fp8 | F35: Model Weights Dtype | G35: fp8
A36: Attention "A" numeric from AV | B36: attn_av_a_dtype | C36: bf16 | F36: KV Cache Dtype | G36: =C33 -> fp8
A37: Expert Dispatch Numeric | B37: expert_dispatch_dtype | C37: fp8 | F37: Shared Expert Strategy | G37: Strategy A: All-Gather Tokens
A38: MoE Numeric | B38: moe_dtype | C38: w4a8
A39: Expert Collect Numeric | B39: expert_collect_dtype | C39: bf16 | F39: # of Model Params | G39: =671*1000000000 -> 671000000000
F40: # of Attention Params | G40: =SUM(PRODUCT(L87:M87), PRODUCT(K144:M144), PRODUCT(K171:M171), PRODUCT(L190:M190), PRODUCT(K296:M296), PRODUCT(K330:M330)) * PARAMS("L") -> 11413422080
A41: 💡Top Line Metrics
A42: Metric Name | B42: ="Value (" & H17 & ")" -> Value (GhostFish (P3)) | C42: Reference Value (GB200) | F42: # of Non Attention Params | G42: =G39-G40 -> 659586577920
A43: # of Tokens | B43: =$C25*$C24 -> 2048 | C43: =492*8 -> 3936 | F43: # Attention Memory (GiB) | G43: =SUM(P87, P144, P171, P190, P296, P330) * PARAMS(B6) / 1024 -> 10.629578
A44: # Devices | B44: =G10 -> 16 | C44: 8 | F44: # Model Memory (GiB) | G44: =(G42* SWITCH(G35, "fp32", 4, "bf16", 2, "fp8", 1, "fp4", 0.5)/1024^3 + G43*G10) + (G10-1) * SUM(P548, P567) * (C6-3)/1024 -> 802.20291
A45: E2E Latency (s) | B45: =$G$73/1000 * $C$6 -> 0.030508251 | C45: =0.0734 -> 0.0734 | F45: # Per Device Model Memory (GiB) | G45: =G44/G10 -> 50.137682
A46: Throughput (tokens/s) | B46: =$B$43/$B$45 -> 67129.381 | C46: =492/0.0733 * C44 -> 53697.135 | F46: Usable fraction | G46: 0.9
A47: Discounted Throughput (tokens/s) | B47: =B43/(B45*(1+C27))*C28 -> 67129.381 | F47: Maximum Global Batch Size | G47: =(((H28 * G46 - G45)*1024^3) * G9) / (PARAMS(B26) * PAD_128(C10+C12) * SWITCH(PARAMS("kv_dtype"), "fp32", 4, "bf16", 2, "fp8", 1, "fp4", 0.5)*PARAMS(B6)) -> 3116.7046
A48: Throughput (tokens/s/chip) | B48: =B47/$G$11 -> 8391.1726 | C48: =C46/C44 -> 6712.1419
A49: % to the reference | B49: =B48/$C$48 -> 1.2501483 | C49: =C48/$C$48 -> 1
A52: ⚡Roofline Summary
A53: Category | B53: Op Name | C53: Memory Time (ms) | D53: Compute Time (ms) | E53: ICI Latency Time (ms) | F53: ICI BW Time (ms) | G53: Roofline Time (ms) | H53: Boundness | J53: % Sum | K53: ICI Overlap?
A54: MLA | B54: Q Down Proj | C54: =$H$138 -> 0.0039216027 | D54: =$H$136 -> 0.001420637 | E54: =$H$133 -> 0 | F54: =H131 -> 0 | G54: =IF(K54,max(C54:F54), max(C54:D54)+max(E54:F54)) -> 0.0039216027 | H54: =LET(maxtime, MAX(C54:F54), IFS(maxtime=0, "", C54=maxtime, "HBM", D54=maxtime, "Compute", E54=maxtime, "ICI Lt", F54=maxtime, "ICI BW")) -> HBM | J54: =G54/$G$71 -> 0.0078410841 | K54: FALSE
A55: MLA | B55: Q Up Proj | C55: =$H$165 -> 0.014080222 | D55: =$H$163 -> 0.0048707555 | F55: =H160 -> 0 | G55: =IF(K55,max(C55:F55), max(C55:D55)+max(E55:F55)) -> 0.014080222 | H55: =LET(maxtime, MAX(C55:F55), IFS(maxtime=0, "", C55=maxtime, "HBM", D55=maxtime, "Compute", E55=maxtime, "ICI Lt", F55=maxtime, "ICI BW")) -> HBM | J55: =G55/$G$71 -> 0.028152828 | K55: FALSE
A56: MLA | B56: Q Proj to K (K weight absoption) | C56: =$H$184 -> 0.0086775889 | D56: =$H$182 -> 0.0021647802 | G56: =IF(K56,max(C56:F56), max(C56:D56)+max(E56:F56)) -> 0.0086775889 | H56: =LET(maxtime, MAX(C56:F56), IFS(maxtime=0, "", C56=maxtime, "HBM", D56=maxtime, "Compute", E56=maxtime, "ICI Lt", F56=maxtime, "ICI BW")) -> HBM | J56: =G56/$G$71 -> 0.017350484
A57: MLA | B57: KV Down Proj | C57: =$H$203 -> 0.0016531224 | D57: =$H$201 -> 0.00053273889 | G57: =IF(K57,max(C57:F57), max(C57:D57)+max(E57:F57)) -> 0.0016531224 | H57: =LET(maxtime, MAX(C57:F57), IFS(maxtime=0, "", C57=maxtime, "HBM", D57=maxtime, "Compute", E57=maxtime, "ICI Lt", F57=maxtime, "ICI BW")) -> HBM | J57: =G57/$G$71 -> 0.0033053506
A58: MLA | B58: AllGather KV | F58: =$H$233 -> 0 | G58: =IF(K58,max(C58:F58), max(C58:D58)+max(E58:F58)) -> 0 | H58: =LET(maxtime, MAX(C58:F58), IFS(maxtime=0, "", C58=maxtime, "HBM", D58=maxtime, "Compute", E58=maxtime, "ICI Lt", F58=maxtime, "ICI BW")) | J58: =G58/$G$71 -> 0
A59: MLA | B59: FlashAttention | C59: =SUM(C61:C63) -> 0.12849507 | D59: =SUM(D61:D63) -> 0.15153462 | G59: =IF(PARAMS("flash_attn"),MAX(C59:F59),0) -> 0.15153462 | H59: =LET(maxtime, MAX(C59:F59), IFS(maxtime=0, "", C59=maxtime, "HBM", D59=maxtime, "Compute", E59=maxtime, "ICI Lt", F59=maxtime, "ICI BW")) -> Compute | J59: =G59/$G$71 -> 0.30298727
A60: MLA | B60: VanillaAttention | G60: =IF(PARAMS("flash_attn"),0,SUM(G61:G63)) -> 0 | H60: =LET(maxtime, MAX(C60:F60), IFS(maxtime=0, "", C60=maxtime, "HBM", D60=maxtime, "Compute", E60=maxtime, "ICI Lt", F60=maxtime, "ICI BW")) | J60: =G60/$G$71 -> 0
A61: MLA | B61: |- QK (nope) | C61: =$H$252 -> 0.10947112 | D61: =$H$250 -> 0.043295605 | G61: =max(C61:F61) -> 0.10947112 | H61: =LET(maxtime, MAX(C61:F61), IFS(maxtime=0, "", C61=maxtime, "HBM", D61=maxtime, "Compute", E61=maxtime, "ICI Lt", F61=maxtime, "ICI BW")) -> HBM
A62: MLA | B62: |- QK (rope) | C62: =$H$271 -> 0.01368389 | D62: =$H$269 -> 0.021647802 | G62: =max(C62:F62) -> 0.021647802 | H62: =LET(maxtime, MAX(C62:F62), IFS(maxtime=0, "", C62=maxtime, "HBM", D62=maxtime, "Compute", E62=maxtime, "ICI Lt", F62=maxtime, "ICI BW")) -> Compute
A63: MLA | B63: |- AV | C63: =$H$290 -> 0.0053400547 | D63: =$H$288 -> 0.08659121 | G63: =max(C63:F63) -> 0.08659121 | H63: =LET(maxtime, MAX(C63:F63), IFS(maxtime=0, "", C63=maxtime, "HBM", D63=maxtime, "Compute", E63=maxtime, "ICI Lt", F63=maxtime, "ICI BW")) -> Compute
A64: MLA | B64: V Up Proj (Weight Absorption) | C64: =H309 -> 0.0066750684 | D64: =H307 -> 0.0010823901 | G64: =IF(K64,max(C64:F64), max(C64:D64)+max(E64:F64)) -> 0.0066750684 | H64: =LET(maxtime, MAX(C64:F64), IFS(maxtime=0, "", C64=maxtime, "HBM", D64=maxtime, "Compute", E64=maxtime, "ICI Lt", F64=maxtime, "ICI BW")) -> HBM | J64: =G64/$G$71 -> 0.013346526 | K64: FALSE
A65: MLA | B65: AllGather | F65: =$G$324 -> 0 | G65: =IF(K65,max(C65:F65), max(C65:D65)+max(E65:F65)) -> 0 | H65: =LET(maxtime, MAX(C65:F65), IFS(maxtime=0, "", C65=maxtime, "HBM", D65=maxtime, "Compute", E65=maxtime, "ICI Lt", F65=maxtime, "ICI BW")) | J65: =G65/$G$71 -> 0
A66: MLA | B66: O Proj | C66: =H351 -> 0.038631958 | D66: =H349 -> 0.015153462 | F66: =$H$346 -> 0 | G66: =IF(K66,max(C66:F66), max(C66:D66)+max(E66:F66)) -> 0.038631958 | H66: =LET(maxtime, MAX(C66:F66), IFS(maxtime=0, "", C66=maxtime, "HBM", D66=maxtime, "Compute", E66=maxtime, "ICI Lt", F66=maxtime, "ICI BW")) -> HBM | J66: =G66/$G$71 -> 0.07724302 | K66: FALSE
A67: MoE | B67: Dispatch | E67: =$H$401 -> 0.0039 | F67: =$H$399 -> 0.051269531 | G67: =IF(K67,max(C67:F67), max(C67:D67)+max(E67:F67)) -> 0.051269531 | H67: =LET(maxtime, MAX(C67:F67), IFS(maxtime=0, "", C67=maxtime, "HBM", D67=maxtime, "Compute", E67=maxtime, "ICI Lt", F67=maxtime, "ICI BW")) -> ICI BW | J67: =G67/$G$71 -> 0.10251133
A68: MoE | B68: Gating x 2 + Act | C68: =$H$449 -> 0.078432053 | D68: =$H$447 -> 0.030306923 | F68: =$H$439 -> 0 | G68: =IF(K68,max(C68:F68), max(C68:D68)+max(E68:F68)) -> 0.078432053 | H68: =LET(maxtime, MAX(C68:F68), IFS(maxtime=0, "", C68=maxtime, "HBM", D68=maxtime, "Compute", E68=maxtime, "ICI Lt", F68=maxtime, "ICI BW")) -> HBM | J68: =G68/$G$71 -> 0.15682168 | K68: FALSE
A69: MoE | B69: Linear | C69: =$H$485 -> 0.042720437 | D69: =$H$483 -> 0.015153462 | F69: =$H$474 -> 0 | G69: =IF(K69,max(C69:F69), max(C69:D69)+max(E69:F69)) -> 0.042720437 | H69: =LET(maxtime, MAX(C69:F69), IFS(maxtime=0, "", C69=maxtime, "HBM", D69=maxtime, "Compute", E69=maxtime, "ICI Lt", F69=maxtime, "ICI BW")) -> HBM | J69: =G69/$G$71 -> 0.085417767 | K69: FALSE
A70: MoE | B70: Collect | E70: =$H$537 -> 0.0039 | F70: =$H$535 -> 0.10253906 | G70: =IF(K70,max(C70:F70), max(C70:D70)+max(E70:F70)) -> 0.10253906 | H70: =LET(maxtime, MAX(C70:F70), IFS(maxtime=0, "", C70=maxtime, "HBM", D70=maxtime, "Compute", E70=maxtime, "ICI Lt", F70=maxtime, "ICI BW")) -> ICI BW | J70: =G70/$G$71 -> 0.20502266
E71: Overlapping Strategy | F71: OptionA. No Overlapping | G71: =SUM(G54:G60,G64:G70) -> 0.50013526 | J71: =G71/$G$71 -> 1
F72: OptionB. Overlapping Expert Collectives | G72: =SUM(G54:G60,G64:G66)+MAX(G67:G68)+MAX(G69:G70) -> 0.4061453
A73: TOTAL | E73: Selected Strategy | F73: OptionA. No Overlapping | G73: =IF(F73=F71,G71,G72) -> 0.50013526
A76: 💾 Memory Occupancy | E76: 🔍 Detailed Op Analysis 1 - MLA (Multi-head Latent Attention)
A77: Key | B77: Value | C77: Notes | E77: Operation | F77: Details | I77: Dimensions | O77: dtype | P77: Size(MiB) | Q77: VMEM Prefetched /Pinned
A78: Attention Weights, Global (GiB) | B78: =SUM(P87,P144,P171,P190,P296,P330) * PARAMS("L") / 1024 -> 10.629578 | E78: 0. Activation Before Attention Layer | F78: Activation Tensor | H78: Dimension Name | I78: ( | K78: B | L78: T | M78: D | N78: ) | O78: fp8
A79: MoE Weights, Global (GiB) | B79: =SUM($P$407,$P$455) * PARAMS("L") / 1024 -> 320.25 | H79: Global Shape | I79: ( | K79: =PARAMS(K78) -> 2048 | L79: =PARAMS(L78) -> 1 | M79: =PARAMS(M78) -> 7168 | N79: ) | P79: =SIZEOF_IN_MIB(J79:M79, $O78) -> 14
A80: Other Weights, Global (GiB) | H80: Sharding | I80: ( | K80: data,model | N80: )
A81: KV Cache Size, Global (GiB) | B81: =SIZEOF_IN_MIB(PARAMS("B")*PARAMS("S")*PARAMS("L")*(PARAMS("c_kv")+PARAMS("h_rope")), PARAMS("kv_dtype"))/1024 -> 343.125 | H81: Local Shape (per-core) | I81: ( | K81: =K79/SHARDING(K80) -> 128 | L81: =L79/SHARDING(L80) -> 1 | M81: =M79/SHARDING(M80) -> 7168 | N81: ) | P81: =SIZEOF_IN_MIB(J81:M81, $O78) -> 0.875
A82: Intermediate Activation Tensors, Global (GiB) | B82: =MAX(P83,P140,P167,P186,P235,P254,P292,P326,P403,P451,P519)/1024 -> 0.125 | E82: 1. Q Down Proj | F82: LHS | H82: Dimension Name | I82: ( | K82: B | L82: T | M82: D | N82: ) | O82: =EXTRACT_ACTIVATION_DTYPE(PARAMS("attn_proj_dtype")) -> fp8 | Q82: FALSE
A83: TOTAL (Global) | B83: =SUM(B78:B81) -> 674.00458 | C83: ="<=" & ($H$28 * PARAMS("num_devices")) & " (Capacity)?" -> <=1536 (Capacity)? | H83: Global Shape | I83: ( | K83: =PARAMS(K82) -> 2048 | L83: =PARAMS(L82) -> 1 | M83: =PARAMS(M82) -> 7168 | N83: ) | P83: =SIZEOF_IN_MIB(J83:M83, $O82) -> 14
H84: Sharding | I84: ( | K84: data,model | N84: )
A85: Attention Weights, Local (GiB) | B85: =SUM(P89,P146,P173,P192,P298,P332) * PARAMS("L") / 1024 -> 10.629578 | H85: Local Shape (per-core) | I85: ( | K85: =K83/SHARDING(K84) -> 128 | L85: =L83/SHARDING(L84) -> 1 | M85: =M83/SHARDING(M84) -> 7168 | N85: ) | P85: =SIZEOF_IN_MIB(J85:M85, $O82) -> 0.875
A86: MoE Weights, Local (GiB) | B86: =SUM(P409,P457) * PARAMS("L") / 1024 -> 20.015625 | F86: RHS | H86: Dimension Name | I86: ( | L86: D | M86: c_q | N86: ) | O86: =EXTRACT_WEIGHT_DTYPE(PARAMS("attn_proj_dtype")) -> fp8 | Q86: FALSE
A87: Other Weights, Global (GiB) | H87: Global Shape | I87: ( | L87: =PARAMS(L86) -> 7168 | M87: =PARAMS(M86) -> 1536 | N87: ) | P87: =SIZEOF_IN_MIB(J87:M87, $O86) -> 10.5
A88: KV Cache Size, Local (GiB) | B88: =B81/PARAMS("num_devices") -> 21.445312 | H88: Sharding | I88: ( | N88: )
A89: Intermediate Activation Tensors, Local (GiB) | B89: =MAX(P85,P142,P169,P188,P237,P256,P294,P328,P405,P336,P453)/1024 -> 0.0078125 | H89: Local Shape (per-core) | I89: ( | L89: =L87/SHARDING(L88) -> 7168 | M89: =M87/SHARDING(M88) -> 1536 | N89: ) | P89: =SIZEOF_IN_MIB(J89:M89, $O86) -> 10.5
A90: TOTAL (Local) | B90: =SUM(B85:B88) -> 52.090515 | C90: ="<=" & ($H$28) & " (Capacity)?" -> <=96 (Capacity)? | F90: Output | H90: Dimension Name | I90: ( | K90: B | L90: T | M90: c_q | N90: ) | O90: bf16 | Q90: FALSE
H91: Global Shape | I91: ( | K91: =PARAMS(K90) -> 2048 | L91: =PARAMS(L90) -> 1 | M91: =PARAMS(M90) -> 1536 | N91: ) | P91: =SIZEOF_IN_MIB(K91:M91, $O90) -> 6
H92: Sharding | I92: ( | K92: data,model | N92: )
H93: Local Shape (per-core) | I93: ( | K93: =K91/SHARDING(K92) -> 128 | L93: =L91/SHARDING(L92) -> 1 | M93: =M91/SHARDING(M92) -> 1536 | N93: ) | P93: =SIZEOF_IN_MIB(K93:M93, $O90) -> 0.375
F94: Pre-operation Collectives | G94: Transferring Tensor | H94: Dimension Name | I94: ( | J94: {=J78:M81} | K94: B | L94: T | M94: D | N94: ) | O94: =O82 -> fp8
H95: Global Shape | I95: ( | K95: 2048 | L95: 1 | M95: 7168 | N95: ) | P95: =SIZEOF_IN_MIB(J95:M95, O94) -> 14
H96: Source Sharding | I96: ( | K96: data,model | N96: )
H97: Source Local Shape (per-core) | I97: ( | K97: 128 | L97: 1 | M97: 7168 | N97: ) | P97: =SIZEOF_IN_MIB(J97:M97, O94) -> 0.875
H98: Target Sharding | I98: ( | N98: )
G99: Strategy A: All-Gather Tokens with no chiplet involved
G100: # of devices involved | H100: =SHARDING(K96)*SHARDING(L96)*SHARDING(M96) -> 16
G101: Per-device: Data transferred from a device (MiB) | H101: =P97 * (H100-1) -> 13.125
G102: Global Traffic Size (MiB) | H102: =H101*H100 -> 210
G103: # of Links involved | H103: =IFS(H100=8,12, H100=4,4, H100=2,1, H100=1,0, TRUE,NA()) -> #N/A
G104: # of Chiplets sharing links | H104: 1
...

Sheet Sharding Eq
A2: ds + fs sharding
A3: Operator | B3: LHS | C3: RHS | D3: Output | E3: Collectives | F3: Comment
B4: [B|fs|ds, t=1, D] | F4: output of attention (replicated)
B5: [B|fs|ds, t=1, D] | D5: [B, t=1, D|ds] | E5: AG on fs and ds + slice or RA2A exchange
A6: Dispatch | B6: [B, t=1, D|ds] | D6: [E, K, C, D|ds] | F6: after dispatch, where K = topK and C = B / #experts = tokens/expert (assuming even distribution)
A7: FFi / FFiG | B7: [E, K, C, D|ds] | C7: [E, 2, D|ds, F|fs] | D7: [E, K, C, 2, F|fs|ds] | E7: Output: RS along ds
A8: Activation / VPU | B8: [E, K, C, 2, F|fs|ds] | D8: [E, K, C, F|fs|ds]
A9: FFo | B9: [E, K, C, F|fs] | C9: [E, D|ds, F|fs] | D9: [E, K, C|fs, D|ds] | E9: Input: AG along ds Output: RS along fs
A10: Collect | B10: [E, K, C|fs, D|ds] | D10: [B|fs, t=1, D|ds] | F10: collect, summed across activated experts
B11: [B|fs, t=1, D|ds] | D11: [B|fs|ds, t=1, D] | E11: AG along ds + slice
A13: es sharding
A14: Operator | B14: LHS | C14: RHS | D14: Output | E14: Collectives | F14: Comment
B15: [B|es, t=1, D] | F15: output of attention (replicated)
A16: Dispatch | B16: [B|es, t=1, D] | D16: [E|es, K, C, D] | E16: RA2A along es or AG along es + slice | F16: after dispatch, where K = topK and C = B / #experts = tokens/expert (assuming even distribution) If we do AG, we expand tokens (topk times) after the collective. If we do A2A, we expand tokens before the collectives.
A17: FFi / FFiG | B17: [E|es, K, C, D] | C17: [E|es, 2, D, F] | D17: [E|es, K, C, 2, F]
A18: Activation / VPU | B18: [E|es, K, C, 2, F] | D18: [E|es, K, C, F]
A19: FFo | B19: [E|es, K, C, F] | C19: [E|es, D, F] | D19: [E|es, K, C, D]
A20: Collect | B20: [E|es, K, C, D] | D20: [B|es, t=1, D] | E20: transpose RA2A along es or pad + RS along es | F20: collect, summed across activated experts In RS path, we'll need to unsort tokens (expert-sorted to sequence-sorted) and pad before RS
A25: Experimentation
A26: ds + fs sharding
A27: Operator | B27: LHS | C27: RHS | D27: Output | E27: Collectives | F27: Comment
B28: [B|fs|ds, t=1, D] | F28: output of attention (replicated)
B29: [B|fs|ds, t=1, D] | D29: [B, t=1, D|ds] | E29: AG on fs and ds + slice or RA2A exchange
A30: Dispatch | B30: [B, t=1, D|ds] | D30: [E, K, C, D|ds] | F30: after dispatch, where K = topK and C = B / #experts = tokens/expert (assuming even distribution)
A31: FFi / FFiG | B31: [E, C, D|ds] | C31: [E, 2, D|ds, F|fs] | D31: [E, C, 2, F|fs|ds] | E31: Output: RS along ds
A32: Activation / VPU | B32: [E, C, 2, F|fs|ds] | D32: [E, C, F|fs|ds]
A33: FFo | B33: [E, C, F|fs] | C33: [E, D|ds, F|fs] | D33: [E, C, D|ds|fs] | E33: Input: AG along ds Output: RS along fs
A34: Collect | B34: [E, C, D|ds|fs] | D34: [B, t=1, D|ds|fs] | F34: collect, summed across activated experts
B35: [B, t=1, D|ds|fs] | D35: [B|fs|ds, t=1, D] | E35: AG along ds

Sheet Shortcuts to SnapshotsTODO
A1: Shortcuts to Snapshot
A3: [decode/DP=16/F=8/D=2] Snapshot
A4: [decode/DP=16/F=2/D=8] Snapshot
A5: [decode/DP=16/EP=16] Snapshot
A6: DP=16,EP=8,D=2
A7: DP=16,EP=8,F=2
A8: DP=16,D=16
A9: DP=16,F=16
A10: [decode/DP=16/EP=16/Row4]
A11: [decode/DP=16/EP=16/Row5]
A12: [decode/DP=16/EP=16/Row6]
A13: [decode/DP=16/EP=16/Row7]
A22: Roofline correctness | G22: Sanity Checks/Comparisons | K22: Features
B23: - Confirm output dtypes of attention (George) - Confirmed with Jacob/Hao that outputs should be in BF16 | H23: FP4 vs. FP8 not much difference? | L23: Add memory type of different components at the top instead of having to modify each op (we can override them one-off still if needed)
B24: - Confirm whether attention is staying in bf16 on GPU (George) - Jacob mentioend that Q is kept in BF16 for quality reasons (and VREG spilling?) | H24: Provide table of options and their throughput differences (potentially trading off quality with perf - we can try more advanced quantiaztion strategies to bridge this)
B25: - Confirm expected scheduler overhead (George) | H25: GPU settings (they are actually using BF16 attention weights)
B26: - Add GPU thoruhgput number to compare with TPU number (George) - Pinged Chris to confirm assumptions
B28: - Confirm usable fraction is the same definition as uLLM (George)
B29: - Find optimal batch size for FP4/FP8 KV/sharding (George) - Confirm why not complete match with uLLM
B30: - Confirm TensorRT is using PagedAttention. Anything else they are doing that is architecture-independent? - Confirmed by Vipan
B31: - Add a ICI latency Time (Donghyun)
B33: - Add total output throughput cell (Donghyun)
B34: - Add a batch term (George)
B35: - Take inefficient MXU operation (e.g., contracting dim is too small for MXU) into account for estimating Compute time (Donghyun)
B36: - Add another dropdown for choosing Hardware Spec (GPU)
B37: - All gather op support for S (prefill) KV
B38: - Add a column for Boundness check with utilization columns of each
B39: - Add Reduce-Scatter op roofline for expert collection (Donghyun)
... B42: - Compare current roofline to Hao's latencies (Donghyun)

Sheet 1K-8KdecodeEP=16DP=16B=2K
A1: Contact: donghyun@, gpolovets@, miliu@. Feedback/Bug reports are welcome!
A2: Description | B2: Symbol | C2: Value | F2: Sharding (Axis Name) | G2: # of Devices | H2: Notes | Q2: Size In Bytes | T2: MXU dtype
A3: Embedding Dimension | B3: D | C3: 7168 | F3: [ ↓ Configurable Values] | Q3: fp4 | R3: 0.5 | T3: =U3&","&V3 -> fp4,fp4 | U3: fp4 | V3: fp4 | W3: fp4
A4: Hidden Dimension | B4: F | C4: 2048 | F4: model | G4: 1 | Q4: fp8 | R4: 1 | T4: =U4&","&V4 -> fp4,fp8 | U4: fp4 | V4: fp8 | W4: fp8
A5: # of experts | B5: E | C5: 256 | F5: data | G5: 16 | H5: Also used for expert sharding for MoE | Q5: bf16 | R5: 2 | T5: =U5&","&V5 -> fp4,bf16 | U5: fp4 | V5: bf16 | W5: bf16
A6: # of Layers | B6: L | C6: 61 | F6: seq | G6: 1 | T6: =U6&","&V6 -> fp8,fp4 | U6: fp8 | V6: fp4 | W6: fp8
A7: # of Dense Layers | B7: DL | C7: 3 | F7: attn_model | G7: 1 | H7: Used if attention is replicated | T7: =U7&","&V7 -> fp8,fp8 | U7: fp8 | V7: fp8 | W7: fp8
A8: # of experts to be activated per token | B8: top_k | C8: 8 | F8: [ ↓ Derived Values]
A9: The dimension of the compressed latent vector for Query | B9: c_q | C9: 1536 | F9: data,model | G9: =G5*G4 -> 16 | T9: =U9&","&V9 -> fp8,bf16 | U9: fp8 | V9: bf16 | W9: bf16
A10: The dimension of the compressed latent vector for KV | B10: c_kv | C10: 512 | F10: Total # of devices | G10: =PRODUCT(G3:G6) -> 16 | T10: =U10&","&V10 -> bf16,fp4 | U10: bf16 | V10: fp4 | W10: bf16
A11: The dimension of Non-RoPE part of the query head | B11: h_nope | C11: 128 | F11: Total # of chips | G11: =$G$10/$H$18 -> 8 | T11: =U11&","&V11 -> bf16,fp8 | U11: bf16 | V11: fp8 | W11: bf16
A12: The dimension of the RoPE part of the query head | B12: h_rope | C12: 64 | L12: TODO LIST | T12: bf16,bf16 | U12: bf16 | V12: bf16 | W12: bf16
A13: The number of Attention Heads (Query) | B13: n_q | C13: 128
A14: [ ↓ Derived parameters]
A15: h_nope+h_rope | B15: h_nope+h_rope | C15: =$C$11+$C$12 -> 192
A16: c_kv+h_rope | B16: c_kv+h_rope | C16: =$C$10+$C$12 -> 576
A17: # of Duplicated tokens (top_k times) | B17: kT | C17: =C8*$C$25 -> 8 | F17: Hardware Spec | G17: Derate Factor | H17: GhostFish (P3)
A18: # of Devices | B18: num_devices | C18: =$G$10 -> 16 | F18: {=DB!A2:A16} -> # of TensorCore per Chip | G18: 1 | H18: {=xlookup($H$17,DB!1:1,DB!2:16) * G18:G32} -> 2
A19: # of Chips | B19: num_chips | C19: =$G$11 -> 8 | F19: Per-Chip HBM-BW (GB/s) | G19: 0.8 | H19: 5852
A20: Assumed Topology | B20: topo | C20: =IFS(C19=8,"2x2x2",C19=4,"2x2",TRUE,NA) -> 2x2x2 | F20: Per-Chip TFLOPS (fp4) | G20: 1 | H20: 3968.04
A21: # of Links in the current topology | B21: num_links_in_topo | C21: =IFS(C20="2x2x2",12,C20="2x2",4,TRUE,NA()) -> 12 | F21: Per-Chip TFLOPS (fp8) | G21: 1 | H21: 3968.04
F22: Per-Chip TFLOPS (fp16) | G22: 1 | H22: 1984.02
A23: [ ↓ Configurable parameters] | F23: Per-Chip HBM Capacity (GiB) | G23: 1 | H23: 192
A24: Regime | B24: R | C24: Decode | F24: Per-Core HBM-BW (GB/s) | G24: 0.8 | H24: 2926
A25: Sequence Length (Q) | B25: T | C25: 1 | F25: Per-Core TFLOPS (fp4) | G25: 1 | H25: 1984.02
A26: Batch Size (power of 2) | B26: B | C26: 2048 | D26: 2048 | F26: Per-Core TFLOPS (fp8) | G26: 1 | H26: 1984.02
A27: Sequence Length (KV) | B27: S | C27: =1024+8192 -> 9216 | F27: Per-Core TFLOPS (bf16) | G27: 1 | H27: 992.01
A28: Scheduler Latency Overhead | C28: 0 | F28: Per-Core HBM Capacity (GiB) | G28: 1 | H28: 96
A29: Roofline Discount Rate | C29: 1 | F29: Core-to-Core ICI Bandwidth (uni, GB/s) | G29: 0.375 | H29: 600
A30: Flash Attention Enabled | B30: flash_attn | C30: TRUE | F30: Chip-to-Chip ICI Bandwidth (uni, GB/s) | G30: 0.8 | H30: 80
A31: Enforce Perfect Expert Routing | B31: enforce_perfect_expert_routing | C31: TRUE | F31: Chip-to-Chip ICI Latency (ms) | G31: 1 | H31: 0.0013
A32: [ ↓ Configurable Numeric] | F32: Min MXU Contracting Dim | G32: 1 | H32: 256
A33: KV Cache dtype | B33: kv_dtype | C33: fp8
A34: Attention Projections Numeric | B34: attn_proj_dtype | C34: w8a8 | F34: Maximum Batchsize Calculation
A35: Attention "K" numeric from KV | B35: attn_kv_k_dtype | C35: fp8 | D35: [3/27] No quality loss | F35: Model Weights Dtype | G35: fp8
A36: Attention "A" numeric from AV | B36: attn_av_a_dtype | C36: bf16 | F36: KV Cache Dtype | G36: =C33 -> fp8
A37: Expert Dispatch Numeric | B37: expert_dispatch_dtype | C37: fp8 | F37: Shared Expert Strategy | G37: Strategy A: All-Gather Tokens
A38: MoE Numeric | B38: moe_dtype | C38: w4a8
A39: Expert Collect Numeric | B39: expert_collect_dtype | C39: bf16 | D39: bf16 | F39: # of Model Params | G39: =671*1000000000 -> 671000000000
F40: # of Attention Params | G40: =SUM(PRODUCT(L87:M87), PRODUCT(K144:M144), PRODUCT(K171:M171), PRODUCT(L190:M190), PRODUCT(K296:M296), PRODUCT(K330:M330)) * PARAMS("L") -> 11413422080
A41: 💡Top Line Metrics
A42: Metric Name | B42: ="Value (" & H17 & ")" -> Value (GhostFish (P3)) | C42: Reference Value (GB200) | F42: # of Non Attention Params | G42: =G39-G40 -> 659586577920
A43: # of Tokens | B43: =$C26*$C25 -> 2048 | F43: # Attention Memory (GiB) | G43: =SUM(P87, P144, P171, P190, P296, P330) * PARAMS(B6) / 1024 -> 10.629578
A44: # Devices | B44: =G10 -> 16 | F44: # Model Memory (GiB) | G44: =(G42* SWITCH(G35, "fp32", 4, "bf16", 2, "fp8", 1, "fp4", 0.5)/1024^3 + G43*G10) + (G10-1) * SUM(P549, P568) * (C6-3)/1024 -> 802.20291
A45: E2E Latency (s) | B45: =$G$73/1000 * $C$6 -> 0.03790314 | F45: # Per Device Model Memory (GiB) | G45: =G44/G10 -> 50.137682
A46: Throughput (tokens/s) | B46: =$B$43/$B$45 -> 54032.462 | F46: Usable fraction | G46: 0.9
A47: Discounted Throughput (tokens/s) | B47: =B43/(B45*(1+C28))*C29 -> 54032.462 | F47: Maximum Global Batch Size | G47: =(((H28 * G46 - G45)*1024^3) * G9) / (PARAMS(B27) * PAD_128(C10+C12) * SWITCH(PARAMS("kv_dtype"), "fp32", 4, "bf16", 2, "fp8", 1, "fp4", 0.5)*PARAMS(B6)) -> 1731.5026
A48: Throughput (tokens/s/chip) | B48: =B47/$G$11 -> 6754.0578 | C48: 6366
A49: % to the reference | B49: =B48/$C$48 -> 1.0609579 | C49: =C48/$C$48 -> 1
A52: ⚡Roofline Summary
A53: Category | B53: Op Name | C53: Memory Time (ms) | D53: Compute Time (ms) | E53: ICI Latency Time (ms) | F53: ICI BW Time (ms) | G53: Roofline Time (ms) | H53: Boundness | J53: % Sum | K53: ICI Overlap?
A54: MLA | B54: Q Down Proj | C54: =$H$138 -> 0.0039216027 | D54: =$H$136 -> 0.001420637 | E54: =$H$133 -> 0 | F54: =H131 -> 0 | G54: =IF(K54,max(C54:F54), max(C54:D54)+max(E54:F54)) -> 0.0039216027 | H54: =LET(maxtime, MAX(C54:F54), IFS(maxtime=0, "", C54=maxtime, "HBM", D54=maxtime, "Compute", E54=maxtime, "ICI Lt", F54=maxtime, "ICI BW")) -> HBM | J54: =G54/$G$71 -> 0.0063112913 | K54: TRUE | M54: =sum(G54:G57)+G64+G66 -> 0.073639563
A55: MLA | B55: Q Up Proj | C55: =$H$165 -> 0.014080222 | D55: =$H$163 -> 0.0048707555 | F55: =H160 -> 0 | G55: =IF(K55,max(C55:F55), max(C55:D55)+max(E55:F55)) -> 0.014080222 | H55: =LET(maxtime, MAX(C55:F55), IFS(maxtime=0, "", C55=maxtime, "HBM", D55=maxtime, "Compute", E55=maxtime, "ICI Lt", F55=maxtime, "ICI BW")) -> HBM | J55: =G55/$G$71 -> 0.022660222 | K55: TRUE
A56: MLA | B56: Q Proj to K (K weight absoption) | C56: =$H$184 -> 0.0086775889 | D56: =$H$182 -> 0.0021647802 | G56: =IF(K56,max(C56:F56), max(C56:D56)+max(E56:F56)) -> 0.0086775889 | H56: =LET(maxtime, MAX(C56:F56), IFS(maxtime=0, "", C56=maxtime, "HBM", D56=maxtime, "Compute", E56=maxtime, "ICI Lt", F56=maxtime, "ICI BW")) -> HBM | J56: =G56/$G$71 -> 0.013965411
A57: MLA | B57: KV Down Proj | C57: =$H$203 -> 0.0016531224 | D57: =$H$201 -> 0.00053273889 | G57: =IF(K57,max(C57:F57), max(C57:D57)+max(E57:F57)) -> 0.0016531224 | H57: =LET(maxtime, MAX(C57:F57), IFS(maxtime=0, "", C57=maxtime, "HBM", D57=maxtime, "Compute", E57=maxtime, "ICI Lt", F57=maxtime, "ICI BW")) -> HBM | J57: =G57/$G$71 -> 0.0026604779
A58: MLA | B58: AllGather KV | F58: =$H$233 -> 0 | G58: =IF(K58,max(C58:F58), max(C58:D58)+max(E58:F58)) -> 0 | H58: =LET(maxtime, MAX(C58:F58), IFS(maxtime=0, "", C58=maxtime, "HBM", D58=maxtime, "Compute", E58=maxtime, "ICI Lt", F58=maxtime, "ICI BW")) | J58: =G58/$G$71 -> 0
A59: MLA | B59: FlashAttention | C59: =SUM(C61:C63) -> 0.22461605 | D59: =SUM(D61:D63) -> 0.27276231 | G59: =IF(PARAMS("flash_attn"),MAX(C59:F59),0) -> 0.27276231 | H59: =LET(maxtime, MAX(C59:F59), IFS(maxtime=0, "", C59=maxtime, "HBM", D59=maxtime, "Compute", E59=maxtime, "ICI Lt", F59=maxtime, "ICI BW")) -> Compute | J59: =G59/$G$71 -> 0.43897421
A60: MLA | B60: VanillaAttention | G60: =IF(PARAMS("flash_attn"),0,SUM(G61:G63)) -> 0 | H60: =LET(maxtime, MAX(C60:F60), IFS(maxtime=0, "", C60=maxtime, "HBM", D60=maxtime, "Compute", E60=maxtime, "ICI Lt", F60=maxtime, "ICI BW")) | J60: =G60/$G$71 -> 0
A61: MLA | B61: |- QK (nope) | C61: =$H$252 -> 0.194912 | D61: =$H$250 -> 0.077932089 | G61: =max(C61:F61) -> 0.194912 | H61: =LET(maxtime, MAX(C61:F61), IFS(maxtime=0, "", C61=maxtime, "HBM", D61=maxtime, "Compute", E61=maxtime, "ICI Lt", F61=maxtime, "ICI BW")) -> HBM
A62: MLA | B62: |- QK (rope) | C62: =$H$271 -> 0.024363999 | D62: =$H$269 -> 0.038966044 | G62: =max(C62:F62) -> 0.038966044 | H62: =LET(maxtime, MAX(C62:F62), IFS(maxtime=0, "", C62=maxtime, "HBM", D62=maxtime, "Compute", E62=maxtime, "ICI Lt", F62=maxtime, "ICI BW")) -> Compute
A63: MLA | B63: |- AV | C63: =$H$290 -> 0.0053400547 | D63: =$H$288 -> 0.15586418 | G63: =max(C63:F63) -> 0.15586418 | H63: =LET(maxtime, MAX(C63:F63), IFS(maxtime=0, "", C63=maxtime, "HBM", D63=maxtime, "Compute", E63=maxtime, "ICI Lt", F63=maxtime, "ICI BW")) -> Compute
A64: MLA | B64: V Up Proj (Weight Absorption) | C64: =H309 -> 0.0066750684 | D64: =H307 -> 0.0010823901 | G64: =IF(K64,max(C64:F64), max(C64:D64)+max(E64:F64)) -> 0.0066750684 | H64: =LET(maxtime, MAX(C64:F64), IFS(maxtime=0, "", C64=maxtime, "HBM", D64=maxtime, "Compute", E64=maxtime, "ICI Lt", F64=maxtime, "ICI BW")) -> HBM | J64: =G64/$G$71 -> 0.010742624 | K64: TRUE
A65: MLA | B65: AllGather | F65: =$G$324 -> 0 | G65: =IF(K65,max(C65:F65), max(C65:D65)+max(E65:F65)) -> 0 | H65: =LET(maxtime, MAX(C65:F65), IFS(maxtime=0, "", C65=maxtime, "HBM", D65=maxtime, "Compute", E65=maxtime, "ICI Lt", F65=maxtime, "ICI BW")) | J65: =G65/$G$71 -> 0
A66: MLA | B66: O Proj | C66: =H351 -> 0.038631958 | D66: =H349 -> 0.015153462 | F66: =$H$346 -> 0 | G66: =IF(K66,max(C66:F66), max(C66:D66)+max(E66:F66)) -> 0.038631958 | H66: =LET(maxtime, MAX(C66:F66), IFS(maxtime=0, "", C66=maxtime, "HBM", D66=maxtime, "Compute", E66=maxtime, "ICI Lt", F66=maxtime, "ICI BW")) -> HBM | J66: =G66/$G$71 -> 0.062172934 | K66: TRUE
A67: MoE | B67: Dispatch | E67: =$H$401 -> 0.0039 | F67: =$H$399 -> 0.051269531 | G67: =IF(K67,max(C67:F67), max(C67:D67)+max(E67:F67)) -> 0.051269531 | H67: =LET(maxtime, MAX(C67:F67), IFS(maxtime=0, "", C67=maxtime, "HBM", D67=maxtime, "Compute", E67=maxtime, "ICI Lt", F67=maxtime, "ICI BW")) -> ICI BW | J67: =G67/$G$71 -> 0.082511406
A68: MoE | B68: Gating x 2 + Act | C68: =$H$449 -> 0.078432053 | D68: =$H$447 -> 0.030306923 | F68: =$H$439 -> 0 | G68: =IF(K68,max(C68:F68), max(C68:D68)+max(E68:F68)) -> 0.078432053 | H68: =LET(maxtime, MAX(C68:F68), IFS(maxtime=0, "", C68=maxtime, "HBM", D68=maxtime, "Compute", E68=maxtime, "ICI Lt", F68=maxtime, "ICI BW")) -> HBM | J68: =G68/$G$71 -> 0.12622583 | K68: TRUE
A69: MoE | B69: Linear | C69: =$H$485 -> 0.042720437 | D69: =$H$483 -> 0.015153462 | F69: =$H$474 -> 0 | G69: =IF(K69,max(C69:F69), max(C69:D69)+max(E69:F69)) -> 0.042720437 | H69: =LET(maxtime, MAX(C69:F69), IFS(maxtime=0, "", C69=maxtime, "HBM", D69=maxtime, "Compute", E69=maxtime, "ICI Lt", F69=maxtime, "ICI BW")) -> HBM | J69: =G69/$G$71 -> 0.068752791 | K69: TRUE
A70: MoE | B70: Collect | E70: =$H$538 -> 0.0039 | F70: =$H$536 -> 0.10253906 | G70: =IF(K70,max(C70:F70), max(C70:D70)+max(E70:F70)) -> 0.10253906 | H70: =LET(maxtime, MAX(C70:F70), IFS(maxtime=0, "", C70=maxtime, "HBM", D70=maxtime, "Compute", E70=maxtime, "ICI Lt", F70=maxtime, "ICI BW")) -> ICI BW | J70: =G70/$G$71 -> 0.16502281
E71: Overlapping Strategy | F71: OptionA. No Overlapping | G71: =SUM(G54:G60,G64:G70) -> 0.62136296 | J71: =G71/$G$71 -> 1
F72: OptionB. Overlapping Expert Collectives | G72: =SUM(G54:G60,G64:G66)+MAX(G67:G68)+MAX(G69:G70) -> 0.52737299
A73: TOTAL | E73: Selected Strategy | F73: OptionA. No Overlapping | G73: =IF(F73=F71,G71,G72) -> 0.62136296
A76: 💾 Memory Occupancy | E76: 🔍 Detailed Op Analysis 1 - MLA (Multi-head Latent Attention)
A77: Key | B77: Value | C77: Notes | E77: Operation | F77: Details | I77: Dimensions | O77: dtype | P77: Size(MiB) | Q77: VMEM Prefetched /Pinned
A78: Attention Weights, Global (GiB) | B78: =SUM(P87,P144,P171,P190,P296,P330) * PARAMS("L") / 1024 -> 10.629578 | E78: 0. Activation Before Attention Layer | F78: Activation Tensor | H78: Dimension Name | I78: ( | K78: B | L78: T | M78: D | N78: ) | O78: fp8
A79: MoE Weights, Global (GiB) | B79: =SUM($P$359,$P$455) * PARAMS("L") / 1024 -> 113.42188 | H79: Global Shape | I79: ( | K79: =PARAMS(K78) -> 2048 | L79: =PARAMS(L78) -> 1 | M79: =PARAMS(M78) -> 7168 | N79: ) | P79: =SIZEOF_IN_MIB(J79:M79, $O78) -> 14
A80: Other Weights, Global (GiB) | H80: Sharding | I80: ( | K80: data,model | N80: )
A81: KV Cache Size, Global (GiB) | B81: =SIZEOF_IN_MIB(PARAMS("B")*PARAMS("S")*PARAMS("L")*(PARAMS("c_kv")+PARAMS("h_rope")), PARAMS("kv_dtype"))/1024 -> 617.625 | H81: Local Shape (per-core) | I81: ( | K81: =K79/SHARDING(K80) -> 128 | L81: =L79/SHARDING(L80) -> 1 | M81: =M79/SHARDING(M80) -> 7168 | N81: ) | P81: =SIZEOF_IN_MIB(J81:M81, $O78) -> 0.875
A82: Intermediate Activation Tensors, Global (GiB) | B82: =MAX(P87,P106,P136,P163,P182,P201,P250,P269,P288,P304,P365,P414,P505,P524)/1024 -> 0.010253906 | E82: 1. Q Down Proj | F82: LHS | H82: Dimension Name | I82: ( | K82: B | L82: T | M82: D | N82: ) | O82: =EXTRACT_ACTIVATION_DTYPE(PARAMS("attn_proj_dtype")) -> fp8 | Q82: FALSE
A83: TOTAL (Global) | B83: =SUM(B78:B81) -> 741.67645 | C83: ="<=" & ($H$28 * PARAMS("num_devices")) & " (Capacity)?" -> <=1536 (Capacity)? | H83: Global Shape | I83: ( | K83: =PARAMS(K82) -> 2048 | L83: =PARAMS(L82) -> 1 | M83: =PARAMS(M82) -> 7168 | N83: ) | P83: =SIZEOF_IN_MIB(J83:M83, $O82) -> 14
H84: Sharding | I84: ( | K84: data,model | N84: )
A85: Attention Weights, Local (GiB) | B85: =SUM(P89,P146,P173,P192,P298,P332) * PARAMS("L") / 1024 -> 10.629578 | H85: Local Shape (per-core) | I85: ( | K85: =K83/SHARDING(K84) -> 128 | L85: =L83/SHARDING(L84) -> 1 | M85: =M83/SHARDING(M84) -> 7168 | N85: ) | P85: =SIZEOF_IN_MIB(J85:M85, $O82) -> 0.875
A86: MoE Weights, Local (GiB) | B86: =SUM(P409,P457) * PARAMS("L") / 1024 -> 20.015625 | F86: RHS | H86: Dimension Name | I86: ( | L86: D | M86: c_q | N86: ) | O86: =EXTRACT_WEIGHT_DTYPE(PARAMS("attn_proj_dtype")) -> fp8 | Q86: FALSE
A87: Other Weights, Global (GiB) | H87: Global Shape | I87: ( | L87: =PARAMS(L86) -> 7168 | M87: =PARAMS(M86) -> 1536 | N87: ) | P87: =SIZEOF_IN_MIB(J87:M87, $O86) -> 10.5
A88: KV Cache Size, Local (GiB) | B88: =B81/PARAMS("num_devices") -> 38.601562 | H88: Sharding | I88: ( | N88: )
A89: Intermediate Activation Tensors, Local (GiB) | B89: =MAX(P89,P108,P138,P165,P184,P203,P252,P271,P290,P306,P367,P416,P507,P526)/1024 -> 0.010253906 | H89: Local Shape (per-core) | I89: ( | L89: =L87/SHARDING(L88) -> 7168 | M89: =M87/SHARDING(M88) -> 1536 | N89: ) | P89: =SIZEOF_IN_MIB(J89:M89, $O86) -> 10.5
A90: TOTAL (Local) | B90: =SUM(B85:B88) -> 69.246765 | C90: ="<=" & ($H$28) & " (Capacity)?" -> <=96 (Capacity)? | F90: Output | H90: Dimension Name | I90: ( | K90: B | L90: T | M90: c_q | N90: ) | O90: bf16 | Q90: FALSE
H91: Global Shape | I91: ( | K91: =PARAMS(K90) -> 2048 | L91: =PARAMS(L90) -> 1 | M91: =PARAMS(M90) -> 1536 | N91: ) | P91: =SIZEOF_IN_MIB(K91:M91, $O90) -> 6
H92: Sharding | I92: ( | K92: data,model | N92: )
H93: Local Shape (per-core) | I93: ( | K93: =K91/SHARDING(K92) -> 128 | L93: =L91/SHARDING(L92) -> 1 | M93: =M91/SHARDING(M92) -> 1536 | N93: ) | P93: =SIZEOF_IN_MIB(K93:M93, $O90) -> 0.375
F94: Pre-operation Collectives | G94: Transferring Tensor | H94: Dimension Name | I94: ( | J94: {=J78:M81} | K94: B | L94: T | M94: D | N94: ) | O94: =O82 -> fp8
H95: Global Shape | I95: ( | K95: 2048 | L95: 1 | M95: 7168 | N95: ) | P95: =SIZEOF_IN_MIB(J95:M95, O94) -> 14
H96: Source Sharding | I96: ( | K96: data,model | N96: )
H97: Source Local Shape (per-core) | I97: ( | K97: 128 | L97: 1 | M97: 7168 | N97: ) | P97: =SIZEOF_IN_MIB(J97:M97, O94) -> 0.875
H98: Target Sharding | I98: ( | N98: )
G99: Strategy A: All-Gather Tokens with no chiplet involved
G100: # of devices involved | H100: =SHARDING(K96)*SHARDING(L96)*SHARDING(M96) -> 16
G101: Per-device: Data transferred from a device (MiB) | H101: =P97 * (H100-1) -> 13.125
G102: Global Traffic Size (MiB) | H102: =H101*H100 -> 210
G103: # of Links involved | H103: =IFS(H100=8,12, H100=4,4, H100=2,1, H100=1,0, TRUE,NA()) -> #N/A
G104: # of Chiplets sharing links | H104: 1
...

Sheet 1K-8KprefillEP=16DP=16B=16
A1: Contact: donghyun@, gpolovets@, miliu@. Feedback/Bug reports are welcome!
A2: Description | B2: Symbol | C2: Value | F2: Sharding (Axis Name) | G2: # of Devices | H2: Notes | Q2: Size In Bytes | T2: MXU dtype
A3: Embedding Dimension | B3: D | C3: 7168 | F3: [ ↓ Configurable Values] | Q3: fp4 | R3: 0.5 | T3: =U3&","&V3 -> fp4,fp4 | U3: fp4 | V3: fp4 | W3: fp4
A4: Hidden Dimension | B4: F | C4: 2048 | F4: model | G4: 1 | Q4: fp8 | R4: 1 | T4: =U4&","&V4 -> fp4,fp8 | U4: fp4 | V4: fp8 | W4: fp8
A5: # of experts | B5: E | C5: 256 | F5: data | G5: 16 | H5: Also used for expert sharding for MoE | Q5: bf16 | R5: 2 | T5: =U5&","&V5 -> fp4,bf16 | U5: fp4 | V5: bf16 | W5: bf16
A6: # of Layers | B6: L | C6: 61 | F6: seq | G6: 1 | T6: =U6&","&V6 -> fp8,fp4 | U6: fp8 | V6: fp4 | W6: fp8
A7: # of Dense Layers | B7: DL | C7: 3 | F7: attn_model | G7: 1 | H7: Used if attention is replicated | T7: =U7&","&V7 -> fp8,fp8 | U7: fp8 | V7: fp8 | W7: fp8
A8: # of experts to be activated per token | B8: top_k | C8: 8 | F8: [ ↓ Derived Values]
A9: The dimension of the compressed latent vector for Query | B9: c_q | C9: 1536 | F9: data,model | G9: =G5*G4 -> 16 | T9: =U9&","&V9 -> fp8,bf16 | U9: fp8 | V9: bf16 | W9: bf16
A10: The dimension of the compressed latent vector for KV | B10: c_kv | C10: 512 | F10: Total # of devices | G10: =PRODUCT(G3:G6) -> 16 | T10: =U10&","&V10 -> bf16,fp4 | U10: bf16 | V10: fp4 | W10: bf16
A11: The dimension of Non-RoPE part of the query head | B11: h_nope | C11: 128 | F11: Total # of chips | G11: =$G$10/$H$18 -> 8 | T11: =U11&","&V11 -> bf16,fp8 | U11: bf16 | V11: fp8 | W11: bf16
A12: The dimension of the RoPE part of the query head | B12: h_rope | C12: 64 | L12: TODO LIST | T12: bf16,bf16 | U12: bf16 | V12: bf16 | W12: bf16
A13: The number of Attention Heads (Query) | B13: n_q | C13: 128
A14: [ ↓ Derived parameters]
A15: h_nope+h_rope | B15: h_nope+h_rope | C15: =$C$11+$C$12 -> 192
A16: c_kv+h_rope | B16: c_kv+h_rope | C16: =$C$10+$C$12 -> 576
A17: # of Duplicated tokens (top_k times) | B17: kT | C17: =C8*$C$25 -> 4096 | F17: Hardware Spec | G17: Derate Factor | H17: GhostFish (P3)
A18: # of Devices | B18: num_devices | C18: =$G$10 -> 16 | F18: {=DB!A2:A16} -> # of TensorCore per Chip | G18: 1 | H18: {=xlookup($H$17,DB!1:1,DB!2:16) * G18:G32} -> 2
A19: # of Chips | B19: num_chips | C19: =$G$11 -> 8 | F19: Per-Chip HBM-BW (GB/s) | G19: 0.8 | H19: 5852
A20: Assumed Topology | B20: topo | C20: =IFS(C19=8,"2x2x2",C19=4,"2x2",TRUE,NA) -> 2x2x2 | F20: Per-Chip TFLOPS (fp4) | G20: 1 | H20: 3968.04
A21: # of Links in the current topology | B21: num_links_in_topo | C21: =IFS(C20="2x2x2",12,C20="2x2",4,TRUE,NA()) -> 12 | F21: Per-Chip TFLOPS (fp8) | G21: 1 | H21: 3968.04
F22: Per-Chip TFLOPS (fp16) | G22: 1 | H22: 1984.02
A23: [ ↓ Configurable parameters] | F23: Per-Chip HBM Capacity (GiB) | G23: 1 | H23: 192
A24: Regime | B24: R | C24: Prefill | F24: Per-Core HBM-BW (GB/s) | G24: 0.8 | H24: 2926
A25: Sequence Length (Q) | B25: T | C25: 512 | D25: TODO: increase if possible | F25: Per-Core TFLOPS (fp4) | G25: 1 | H25: 1984.02
A26: Batch Size (power of 2) | B26: B | C26: 16 | F26: Per-Core TFLOPS (fp8) | G26: 1 | H26: 1984.02
A27: Sequence Length (KV) | B27: S | C27: 1024 | F27: Per-Core TFLOPS (bf16) | G27: 1 | H27: 992.01
A28: Scheduler Latency Overhead | C28: 0 | F28: Per-Core HBM Capacity (GiB) | G28: 1 | H28: 96
A29: Roofline Discount Rate | C29: 1 | F29: Core-to-Core ICI Bandwidth (uni, GB/s) | G29: 0.375 | H29: 600
A30: Flash Attention Enabled | B30: flash_attn | C30: TRUE | F30: Chip-to-Chip ICI Bandwidth (uni, GB/s) | G30: 0.8 | H30: 80
A31: Enforce Perfect Expert Routing | B31: enforce_perfect_expert_routing | C31: TRUE | F31: Chip-to-Chip ICI Latency (ms) | G31: 1 | H31: 0.0013
A32: [ ↓ Configurable Numeric] | F32: Min MXU Contracting Dim | G32: 1 | H32: 256
A33: KV Cache dtype | B33: kv_dtype | C33: fp8
A34: Attention Projections Numeric | B34: attn_proj_dtype | C34: w8a8 | F34: Maximum Batchsize Calculation
A35: Attention "K" numeric from KV | B35: attn_kv_k_dtype | C35: fp8 | D35: [3/27] No quality loss | F35: Model Weights Dtype | G35: fp8
A36: Attention "A" numeric from AV | B36: attn_av_a_dtype | C36: bf16 | F36: KV Cache Dtype | G36: =C33 -> fp8
A37: Expert Dispatch Numeric | B37: expert_dispatch_dtype | C37: fp8 | F37: Shared Expert Strategy | G37: Strategy A: All-Gather Tokens
A38: MoE Numeric | B38: moe_dtype | C38: w4a8
A39: Expert Collect Numeric | B39: expert_collect_dtype | C39: bf16 | D39: bf16 | F39: # of Model Params | G39: =671*1000000000 -> 671000000000
F40: # of Attention Params | G40: =SUM(PRODUCT(L87:M87), PRODUCT(K145:M145), PRODUCT(K172:M172), PRODUCT(L191:M191), PRODUCT(K297:M297), PRODUCT(K331:M331)) * PARAMS("L") -> 11413422080
A41: 💡Top Line Metrics
A42: Metric Name | B42: ="Value (" & H17 & ")" -> Value (GhostFish (P3)) | C42: Reference Value (GB200) | F42: # of Non Attention Params | G42: =G39-G40 -> 659586577920
A43: # of Tokens | B43: =$C26*$C25 -> 8192 | F43: # Attention Memory (GiB) | G43: =SUM(P87, P145, P172, P191, P297, P331) * PARAMS(B6) / 1024 -> 10.629578
A44: # Devices | B44: =G10 -> 16 | F44: # Model Memory (GiB) | G44: =(G42* SWITCH(G35, "fp32", 4, "bf16", 2, "fp8", 1, "fp4", 0.5)/1024^3 + G43*G10) + (G10-1) * SUM(P549, P568) * (C6-3)/1024 -> 802.20291
A45: E2E Latency (s) | B45: =$G$73/1000 * $C$6 -> 0.066211671 | F45: # Per Device Model Memory (GiB) | G45: =G44/G10 -> 50.137682
A46: Throughput (tokens/s) | B46: =$B$43/$B$45 -> 123724.41 | F46: Usable fraction | G46: 0.9
A47: Discounted Throughput (tokens/s) | B47: =B43/(B45*(1+C28))*C29 -> 123724.41 | F47: Maximum Global Batch Size | G47: =(((H28 * G46 - G45)*1024^3) * G9) / (PARAMS(B27) * PAD_128(C10+C12) * SWITCH(PARAMS("kv_dtype"), "fp32", 4, "bf16", 2, "fp8", 1, "fp4", 0.5)*PARAMS(B6)) -> 15583.523
A48: Throughput (tokens/s/chip) | B48: =B47/$G$11 -> 15465.551
A49: % to the reference | B49: =B48/$C$48 -> #DIV/0! | C49: =C48/$C$48 -> #DIV/0!
A52: ⚡Roofline Summary
A53: Category | B53: Op Name | C53: Memory Time (ms) | D53: Compute Time (ms) | E53: ICI Latency Time (ms) | F53: ICI BW Time (ms) | G53: Roofline Time (ms) | H53: Boundness | J53: % Sum | K53: ICI Overlap?
A54: MLA | B54: Q Down Proj | C54: =$H$139 -> 0.005173178 | D54: =$H$137 -> 0.0056825481 | E54: =$H$133 -> 0 | F54: =H131 -> 0 | G54: =IF(K54,max(C54:F54), max(C54:D54)+max(E54:F54)) -> 0.0056825481 | H54: =LET(maxtime, MAX(C54:F54), IFS(maxtime=0, "", C54=maxtime, "HBM", D54=maxtime, "Compute", E54=maxtime, "ICI Lt", F54=maxtime, "ICI BW")) -> Compute | J54: =G54/$G$71 -> 0.0052352618 | K54: TRUE
A55: MLA | B55: Q Up Proj | C55: =$H$166 -> 0.02027552 | D55: =$H$164 -> 0.019483022 | F55: =H161 -> 0 | G55: =IF(K55,max(C55:F55), max(C55:D55)+max(E55:F55)) -> 0.02027552 | H55: =LET(maxtime, MAX(C55:F55), IFS(maxtime=0, "", C55=maxtime, "HBM", D55=maxtime, "Compute", E55=maxtime, "ICI Lt", F55=maxtime, "ICI BW")) -> HBM | J55: =G55/$G$71 -> 0.018679588 | K55: TRUE
A56: MLA | B56: Q Proj to K (K weight absoption) | C56: =$H$185 -> 0.026700273 | D56: =$H$183 -> 0.008659121 | G56: =IF(K56,max(C56:F56), max(C56:D56)+max(E56:F56)) -> 0.026700273 | H56: =LET(maxtime, MAX(C56:F56), IFS(maxtime=0, "", C56=maxtime, "HBM", D56=maxtime, "Compute", E56=maxtime, "ICI Lt", F56=maxtime, "ICI BW")) -> HBM | J56: =G56/$G$71 -> 0.024598634
A57: MLA | B57: KV Down Proj | C57: =$H$204 -> 0.0026700273 | D57: =$H$202 -> 0.0021309556 | G57: =IF(K57,max(C57:F57), max(C57:D57)+max(E57:F57)) -> 0.0026700273 | H57: =LET(maxtime, MAX(C57:F57), IFS(maxtime=0, "", C57=maxtime, "HBM", D57=maxtime, "Compute", E57=maxtime, "ICI Lt", F57=maxtime, "ICI BW")) -> HBM | J57: =G57/$G$71 -> 0.0024598634
A58: MLA | B58: AllGather KV | F58: =$H$234 -> 0.032501221 | G58: =IF(K58,max(C58:F58), max(C58:D58)+max(E58:F58)) -> 0.032501221 | H58: =LET(maxtime, MAX(C58:F58), IFS(maxtime=0, "", C58=maxtime, "HBM", D58=maxtime, "Compute", E58=maxtime, "ICI Lt", F58=maxtime, "ICI BW")) -> ICI BW | J58: =G58/$G$71 -> 0.029942976
A59: MLA | B59: FlashAttention | C59: =SUM(C61:C63) -> 0.036379123 | D59: =SUM(D61:D63) -> 0.12122769 | G59: =IF(PARAMS("flash_attn"),MAX(C59:F59),0) -> 0.12122769 | H59: =LET(maxtime, MAX(C59:F59), IFS(maxtime=0, "", C59=maxtime, "HBM", D59=maxtime, "Compute", E59=maxtime, "ICI Lt", F59=maxtime, "ICI BW")) -> Compute | J59: =G59/$G$71 -> 0.11168559
A60: MLA | B60: VanillaAttention | G60: =IF(PARAMS("flash_attn"),0,SUM(G61:G63)) -> 0 | H60: =LET(maxtime, MAX(C60:F60), IFS(maxtime=0, "", C60=maxtime, "HBM", D60=maxtime, "Compute", E60=maxtime, "ICI Lt", F60=maxtime, "ICI BW")) | J60: =G60/$G$71 -> 0
A61: MLA | B61: |- QK (nope) | C61: =$H$253 -> 0.013350137 | D61: =$H$251 -> 0.034636484 | G61: =max(C61:F61) -> 0.034636484 | H61: =LET(maxtime, MAX(C61:F61), IFS(maxtime=0, "", C61=maxtime, "HBM", D61=maxtime, "Compute", E61=maxtime, "ICI Lt", F61=maxtime, "ICI BW")) -> Compute
A62: MLA | B62: |- QK (rope) | C62: =$H$272 -> 0.0016687671 | D62: =$H$270 -> 0.017318242 | G62: =max(C62:F62) -> 0.017318242 | H62: =LET(maxtime, MAX(C62:F62), IFS(maxtime=0, "", C62=maxtime, "HBM", D62=maxtime, "Compute", E62=maxtime, "ICI Lt", F62=maxtime, "ICI BW")) -> Compute
A63: MLA | B63: |- AV | C63: =$H$291 -> 0.021360219 | D63: =$H$289 -> 0.069272968 | G63: =max(C63:F63) -> 0.069272968 | H63: =LET(maxtime, MAX(C63:F63), IFS(maxtime=0, "", C63=maxtime, "HBM", D63=maxtime, "Compute", E63=maxtime, "ICI Lt", F63=maxtime, "ICI BW")) -> Compute
A64: MLA | B64: V Up Proj (Weight Absorption) | C64: =H310 -> 0.018690191 | D64: =H308 -> 0.0043295605 | G64: =IF(K64,max(C64:F64), max(C64:D64)+max(E64:F64)) -> 0.018690191 | H64: =LET(maxtime, MAX(C64:F64), IFS(maxtime=0, "", C64=maxtime, "HBM", D64=maxtime, "Compute", E64=maxtime, "ICI Lt", F64=maxtime, "ICI BW")) -> HBM | J64: =G64/$G$71 -> 0.017219044 | K64: TRUE
A65: MLA | B65: AllGather | F65: =$G$325 -> 0 | G65: =IF(K65,max(C65:F65), max(C65:D65)+max(E65:F65)) -> 0 | H65: =LET(maxtime, MAX(C65:F65), IFS(maxtime=0, "", C65=maxtime, "HBM", D65=maxtime, "Compute", E65=maxtime, "ICI Lt", F65=maxtime, "ICI BW")) | J65: =G65/$G$71 -> 0
A66: MLA | B66: O Proj | C66: =H352 -> 0.042386684 | D66: =H350 -> 0.060613847 | F66: =$H$347 -> 0 | G66: =IF(K66,max(C66:F66), max(C66:D66)+max(E66:F66)) -> 0.060613847 | H66: =LET(maxtime, MAX(C66:F66), IFS(maxtime=0, "", C66=maxtime, "HBM", D66=maxtime, "Compute", E66=maxtime, "ICI Lt", F66=maxtime, "ICI BW")) -> Compute | J66: =G66/$G$71 -> 0.055842793 | K66: TRUE
A67: MoE | B67: Dispatch | E67: =$H$402 -> 0.0039 | F67: =$H$400 -> 0.20507812 | G67: =IF(K67,max(C67:F67), max(C67:D67)+max(E67:F67)) -> 0.20507812 | H67: =LET(maxtime, MAX(C67:F67), IFS(maxtime=0, "", C67=maxtime, "HBM", D67=maxtime, "Compute", E67=maxtime, "ICI Lt", F67=maxtime, "ICI BW")) -> ICI BW | J67: =G67/$G$71 -> 0.18893596
A68: MoE | B68: Gating x 2 + Act | C68: =$H$450 -> 0.089445916 | D68: =$H$448 -> 0.12122769 | F68: =$H$440 -> 0 | G68: =IF(K68,max(C68:F68), max(C68:D68)+max(E68:F68)) -> 0.12122769 | H68: =LET(maxtime, MAX(C68:F68), IFS(maxtime=0, "", C68=maxtime, "HBM", D68=maxtime, "Compute", E68=maxtime, "ICI Lt", F68=maxtime, "ICI BW")) -> Compute | J68: =G68/$G$71 -> 0.11168559 | K68: TRUE
A69: MoE | B69: Linear | C69: =$H$486 -> 0.058740602 | D69: =$H$484 -> 0.060613847 | F69: =$H$475 -> 0 | G69: =IF(K69,max(C69:F69), max(C69:D69)+max(E69:F69)) -> 0.060613847 | H69: =LET(maxtime, MAX(C69:F69), IFS(maxtime=0, "", C69=maxtime, "HBM", D69=maxtime, "Compute", E69=maxtime, "ICI Lt", F69=maxtime, "ICI BW")) -> Compute | J69: =G69/$G$71 -> 0.055842793 | K69: TRUE
A70: MoE | B70: Collect | E70: =$H$538 -> 0.0039 | F70: =$H$536 -> 0.41015625 | G70: =IF(K70,max(C70:F70), max(C70:D70)+max(E70:F70)) -> 0.41015625 | H70: =LET(maxtime, MAX(C70:F70), IFS(maxtime=0, "", C70=maxtime, "HBM", D70=maxtime, "Compute", E70=maxtime, "ICI Lt", F70=maxtime, "ICI BW")) -> ICI BW | J70: =G70/$G$71 -> 0.37787192
E71: Overlapping Strategy | F71: OptionA. No Overlapping | G71: =SUM(G54:G60,G64:G70) -> 1.0854372 | J71: =G71/$G$71 -> 1
F72: OptionB. Overlapping Expert Collectives | G72: =SUM(G54:G60,G64:G66)+MAX(G67:G68)+MAX(G69:G70) -> 0.9035957
A73: TOTAL | E73: Selected Strategy | F73: OptionA. No Overlapping | G73: =IF(F73=F71,G71,G72) -> 1.0854372
A76: 💾 Memory Occupancy | E76: 🔍 Detailed Op Analysis 1 - MLA (Multi-head Latent Attention)
A77: Key | B77: Value | C77: Notes | E77: Operation | F77: Details | I77: Dimensions | O77: dtype | P77: Size(MiB) | Q77: VMEM Prefetched /Pinned
A78: Attention Weights, Global (GiB) | B78: =SUM(P87,P145,P172,P191,P297,P331) * PARAMS("L") / 1024 -> 10.629578 | E78: 0. Activation Before Attention Layer | F78: Activation Tensor | H78: Dimension Name | I78: ( | K78: B | L78: T | M78: D | N78: ) | O78: fp8
A79: MoE Weights, Global (GiB) | B79: =SUM($P$360,$P$456) * PARAMS("L") / 1024 -> 133.4375 | H79: Global Shape | I79: ( | K79: =PARAMS(K78) -> 16 | L79: =PARAMS(L78) -> 512 | M79: =PARAMS(M78) -> 7168 | N79: ) | P79: =SIZEOF_IN_MIB(J79:M79, $O78) -> 56
A80: Other Weights, Global (GiB) | H80: Sharding | I80: ( | L80: data,model | N80: )
A81: KV Cache Size, Global (GiB) | B81: =SIZEOF_IN_MIB(PARAMS("B")*PARAMS("S")*PARAMS("L")*(PARAMS("c_kv")+PARAMS("h_rope")), PARAMS("kv_dtype"))/1024 -> 0.53613281 | H81: Local Shape (per-core) | I81: ( | K81: =K79/SHARDING(K80) -> 16 | L81: =L79/SHARDING(L80) -> 32 | M81: =M79/SHARDING(M80) -> 7168 | N81: ) | P81: =SIZEOF_IN_MIB(J81:M81, $O78) -> 3.5
A82: Intermediate Activation Tensors, Global (GiB) | B82: =MAX(P87,P106,P137,P164,P183,P202,P251,P270,P289,P305,P366,P415,P505,P524)/1024 -> 0.010253906 | E82: 1. Q Down Proj | F82: LHS | H82: Dimension Name | I82: ( | K82: B | L82: T | M82: D | N82: ) | O82: =EXTRACT_ACTIVATION_DTYPE(PARAMS("attn_proj_dtype")) -> fp8 | Q82: FALSE
A83: TOTAL (Global) | B83: =SUM(B78:B81) -> 144.60321 | C83: ="<=" & ($H$28 * PARAMS("num_devices")) & " (Capacity)?" -> <=1536 (Capacity)? | H83: Global Shape | I83: ( | K83: =PARAMS(K82) -> 16 | L83: =PARAMS(L82) -> 512 | M83: =PARAMS(M82) -> 7168 | N83: ) | P83: =SIZEOF_IN_MIB(J83:M83, $O82) -> 56
H84: Sharding | I84: ( | L84: data,model | N84: )
A85: Attention Weights, Local (GiB) | B85: =SUM(P89,P147,P174,P193,P299,P333) * PARAMS("L") / 1024 -> 10.629578 | H85: Local Shape (per-core) | I85: ( | K85: =K83/SHARDING(K84) -> 16 | L85: =L83/SHARDING(L84) -> 32 | M85: =M83/SHARDING(M84) -> 7168 | N85: ) | P85: =SIZEOF_IN_MIB(J85:M85, $O82) -> 3.5
A86: MoE Weights, Local (GiB) | B86: =SUM(P410,P458) * PARAMS("L") / 1024 -> 20.015625 | F86: RHS | H86: Dimension Name | I86: ( | L86: D | M86: c_q | N86: ) | O86: =EXTRACT_WEIGHT_DTYPE(PARAMS("attn_proj_dtype")) -> fp8 | Q86: FALSE
A87: Other Weights, Global (GiB) | H87: Global Shape | I87: ( | L87: =PARAMS(L86) -> 7168 | M87: =PARAMS(M86) -> 1536 | N87: ) | P87: =SIZEOF_IN_MIB(J87:M87, $O86) -> 10.5
A88: KV Cache Size, Local (GiB) | B88: =B81/PARAMS("num_devices") -> 0.033508301 | H88: Sharding | I88: ( | N88: )
A89: Intermediate Activation Tensors, Local (GiB) | B89: =MAX(P89,P108,P139,P166,P185,P204,P253,P272,P291,P307,P368,P417,P507,P526)/1024 -> 0.010253906 | H89: Local Shape (per-core) | I89: ( | L89: =L87/SHARDING(L88) -> 7168 | M89: =M87/SHARDING(M88) -> 1536 | N89: ) | P89: =SIZEOF_IN_MIB(J89:M89, $O86) -> 10.5
A90: TOTAL (Local) | B90: =SUM(B85:B88) -> 30.678711 | C90: ="<=" & ($H$28) & " (Capacity)?" -> <=96 (Capacity)? | F90: Output | H90: Dimension Name | I90: ( | K90: B | L90: T | M90: c_q | N90: ) | O90: bf16 | Q90: FALSE
H91: Global Shape | I91: ( | K91: =PARAMS(K90) -> 16 | L91: =PARAMS(L90) -> 512 | M91: =PARAMS(M90) -> 1536 | N91: ) | P91: =SIZEOF_IN_MIB(K91:M91, $O90) -> 24
H92: Sharding | I92: ( | L92: data,model | N92: )
H93: Local Shape (per-core) | I93: ( | K93: =K91/SHARDING(K92) -> 16 | L93: =L91/SHARDING(L92) -> 32 | M93: =M91/SHARDING(M92) -> 1536 | N93: ) | P93: =SIZEOF_IN_MIB(K93:M93, $O90) -> 1.5
F94: Pre-operation Collectives | G94: Transferring Tensor | H94: Dimension Name | I94: ( | J94: {=J78:M81} | K94: B | L94: T | M94: D | N94: ) | O94: =O82 -> fp8
H95: Global Shape | I95: ( | K95: 16 | L95: 512 | M95: 7168 | N95: ) | P95: =SIZEOF_IN_MIB(J95:M95, O94) -> 56
H96: Source Sharding | I96: ( | L96: data,model | N96: )
H97: Source Local Shape (per-core) | I97: ( | K97: 16 | L97: 32 | M97: 7168 | N97: ) | P97: =SIZEOF_IN_MIB(J97:M97, O94) -> 3.5
H98: Target Sharding | I98: ( | N98: )
G99: Strategy A: All-Gather Tokens with no chiplet involved
G100: # of devices involved | H100: =SHARDING(K96)*SHARDING(L96)*SHARDING(M96) -> 16
G101: Per-device: Data transferred from a device (MiB) | H101: =P97 * (H100-1) -> 52.5
G102: Global Traffic Size (MiB) | H102: =H101*H100 -> 840
G103: # of Links involved | H103: =IFS(H100=8,12, H100=4,4, H100=2,1, H100=1,0, TRUE,NA()) -> #N/A
G104: # of Chiplets sharing links | H104: 1
...

Sheet Combined Rate Matching
A1: combinedQpsPerChip=1 / ( 1 / prefillQpsPerChip + 1/decodeQpsPerChip)
A3: Input Seq Len | B3: Output Seq Len | C3: Prefill tokens/s/chip | D3: Prefill QPS/chip | E3: Decode token/s/chip | F3: Decode QPS/chip | G3: Combined QPS/chip | H3: Combined tokens/s/chip | I3: Output tokens/s/chip | J3: Prefill:Decode weighting | K3: Comment | L3: Decode:Prefill weighting
A4: 1024 | B4: =8*1024 -> 8192 | C4: ='1K-8KprefillEP=16DP=16B=16'!B48 -> 15465.551 | D4: =C4/A4 -> 15.103077 | E4: ='1K-8KdecodeEP=16DP=16B=2K'!B48 -> 6754.0578 | F4: =E4/B4 -> 0.82446994 | G4: =1/(1/D4+1/F4) -> 0.78179227 | H4: =G4*sum(A4:B4) -> 7204.9975 | I4: =(B4/sum(A4:B4))*H4 -> 6404.4423 | J4: =F4/D4 -> 0.054589533 | K4: Batch=2K, EP=16 | L4: =1/J4 -> 18.31853
A5: 1024 | B5: =8*1024 -> 8192 | C5: ='1K-8KprefillEP=16DP=16B=16'!B48 -> 15465.551 | D5: =C5/A5 -> 15.103077 | E5: 6257.8294 | F5: =E5/B5 -> 0.7638952 | G5: =1/(1/D5+1/F5) -> 0.72711843 | H5: =G5*sum(A5:B5) -> 6701.1235 | I5: =(B5/sum(A5:B5))*H5 -> 5956.5542 | J5: =F5/D5 -> 0.050578778 | K5: Batch=3K, EP=16 | L5: =1/J5 -> 19.771138
A6: 8192 | B6: 1024 | C6: 11844 | D6: =C6/A6 -> 1.4458008 | E6: 5337 | F6: =E6/B6 -> 5.2119141 | G6: =1/(1/D6+1/F6) -> 1.1318282 | H6: =G6*sum(A6:B6) -> 10430.929 | I6: =(B6/sum(A6:B6))*H6 -> 1158.9921 | J6: =F6/D6 -> 3.6048632 | K6: Batch=2K, EP=16 | L6: =1/J6 -> 0.27740304
A7: 8192 | B7: 1024 | C7: 11844 | D7: =C7/A7 -> 1.4458008 | E7: 5825 | F7: =E7/B7 -> 5.6884766 | G7: =1/(1/D7+1/F7) -> 1.1528013 | H7: =G7*sum(A7:B7) -> 10624.216 | I7: =(B7/sum(A7:B7))*H7 -> 1180.4685 | J7: =F7/D7 -> 3.9344816 | K7: Batch=3K, EP=16 | L7: =1/J7 -> 0.25416309

Sheet 1K-8KdecodeEP=64DP=64B=8K
A1: Contact: donghyun@, gpolovets@, miliu@. Feedback/Bug reports are welcome!
A2: Description | B2: Symbol | C2: Value | F2: Sharding (Axis Name) | G2: # of Devices | H2: Notes | Q2: Size In Bytes | T2: MXU dtype
A3: Embedding Dimension | B3: D | C3: 7168 | F3: [ ↓ Configurable Values] | Q3: fp4 | R3: 0.5 | T3: =U3&","&V3 -> fp4,fp4 | U3: fp4 | V3: fp4 | W3: fp4
A4: Hidden Dimension | B4: F | C4: 2048 | F4: model | G4: 1 | Q4: fp8 | R4: 1 | T4: =U4&","&V4 -> fp4,fp8 | U4: fp4 | V4: fp8 | W4: fp8
A5: # of experts | B5: E | C5: 256 | F5: data | G5: 64 | H5: Also used for expert sharding for MoE | Q5: bf16 | R5: 2 | T5: =U5&","&V5 -> fp4,bf16 | U5: fp4 | V5: bf16 | W5: bf16
A6: # of Layers | B6: L | C6: 61 | F6: seq | G6: 1 | T6: =U6&","&V6 -> fp8,fp4 | U6: fp8 | V6: fp4 | W6: fp8
A7: # of Dense Layers | B7: DL | C7: 3 | F7: attn_model | G7: 1 | H7: Used if attention is replicated | T7: =U7&","&V7 -> fp8,fp8 | U7: fp8 | V7: fp8 | W7: fp8
A8: # of experts to be activated per token | B8: top_k | C8: 8 | F8: [ ↓ Derived Values]
A9: The dimension of the compressed latent vector for Query | B9: c_q | C9: 1536 | F9: data,model | G9: =G5*G4 -> 64 | T9: =U9&","&V9 -> fp8,bf16 | U9: fp8 | V9: bf16 | W9: bf16
A10: The dimension of the compressed latent vector for KV | B10: c_kv | C10: 512 | F10: Total # of devices | G10: =PRODUCT(G3:G6) -> 64 | T10: =U10&","&V10 -> bf16,fp4 | U10: bf16 | V10: fp4 | W10: bf16
A11: The dimension of Non-RoPE part of the query head | B11: h_nope | C11: 128 | F11: Total # of chips | G11: =$G$10/$H$18 -> 32 | T11: =U11&","&V11 -> bf16,fp8 | U11: bf16 | V11: fp8 | W11: bf16
A12: The dimension of the RoPE part of the query head | B12: h_rope | C12: 64 | L12: TODO LIST | T12: bf16,bf16 | U12: bf16 | V12: bf16 | W12: bf16
A13: The number of Attention Heads (Query) | B13: n_q | C13: 128
A14: [ ↓ Derived parameters]
A15: h_nope+h_rope | B15: h_nope+h_rope | C15: =$C$11+$C$12 -> 192
A16: c_kv+h_rope | B16: c_kv+h_rope | C16: =$C$10+$C$12 -> 576
A17: # of Duplicated tokens (top_k times) | B17: kT | C17: =C8*$C$25 -> 8 | F17: Hardware Spec | G17: Derate Factor | H17: GhostFish (P3)
A18: # of Devices | B18: num_devices | C18: =$G$10 -> 64 | F18: {=DB!A2:A16} -> # of TensorCore per Chip | G18: 1 | H18: {=xlookup($H$17,DB!1:1,DB!2:16) * G18:G32} -> 2
A19: # of Chips | B19: num_chips | C19: =$G$11 -> 32 | F19: Per-Chip HBM-BW (GB/s) | G19: 0.8 | H19: 5852
A20: Assumed Topology | B20: topo | C20: =IFS(C19=8,"2x2x2",C19=4,"2x2",TRUE,NA) -> #NAME? | F20: Per-Chip TFLOPS (fp4) | G20: 1 | H20: 3968.04
A21: # of Links in the current topology | B21: num_links_in_topo | C21: =IFS(C20="2x2x2",12,C20="2x2",4,TRUE,NA()) -> #NAME? | F21: Per-Chip TFLOPS (fp8) | G21: 1 | H21: 3968.04
F22: Per-Chip TFLOPS (fp16) | G22: 1 | H22: 1984.02
A23: [ ↓ Configurable parameters] | F23: Per-Chip HBM Capacity (GiB) | G23: 1 | H23: 192
A24: Regime | B24: R | C24: Decode | F24: Per-Core HBM-BW (GB/s) | G24: 0.8 | H24: 2926
A25: Sequence Length (Q) | B25: T | C25: =IF(C24="Decode", 1, 2048) -> 1 | F25: Per-Core TFLOPS (fp4) | G25: 1 | H25: 1984.02
A26: Batch Size (power of 2) | B26: B | C26: 8192 | D26: 2048 | F26: Per-Core TFLOPS (fp8) | G26: 1 | H26: 1984.02
A27: Sequence Length (KV) | B27: S | C27: =1024+8192 -> 9216 | F27: Per-Core TFLOPS (bf16) | G27: 1 | H27: 992.01
A28: Scheduler Latency Overhead | C28: 0 | F28: Per-Core HBM Capacity (GiB) | G28: 1 | H28: 96
A29: Roofline Discount Rate | C29: 1 | F29: Core-to-Core ICI Bandwidth (uni, GB/s) | G29: 0.375 | H29: 600
A30: Flash Attention Enabled | B30: flash_attn | C30: TRUE | F30: Chip-to-Chip ICI Bandwidth (uni, GB/s) | G30: 0.8 | H30: 80
A31: Enforce Perfect Expert Routing | B31: enforce_perfect_expert_routing | C31: TRUE | F31: Chip-to-Chip ICI Latency (ms) | G31: 1 | H31: 0.0013
A32: [ ↓ Configurable Numeric] | F32: Min MXU Contracting Dim | G32: 1 | H32: 256
A33: KV Cache dtype | B33: kv_dtype | C33: fp8
A34: Attention Projections Numeric | B34: attn_proj_dtype | C34: w8a8 | F34: Maximum Batchsize Calculation
A35: Attention "K" numeric from KV | B35: attn_kv_k_dtype | C35: fp8 | D35: [3/27] No quality loss | F35: Model Weights Dtype | G35: fp8
A36: Attention "A" numeric from AV | B36: attn_av_a_dtype | C36: bf16 | F36: KV Cache Dtype | G36: =C33 -> fp8
A37: Expert Dispatch Numeric | B37: expert_dispatch_dtype | C37: fp8 | F37: Shared Expert Strategy | G37: Strategy A: All-Gather Tokens
A38: MoE Numeric | B38: moe_dtype | C38: w4a8
A39: Expert Collect Numeric | B39: expert_collect_dtype | C39: bf16 | D39: bf16 | F39: # of Model Params | G39: =671*1000000000 -> 671000000000
F40: # of Attention Params | G40: =SUM(PRODUCT(L87:M87), PRODUCT(K144:M144), PRODUCT(K171:M171), PRODUCT(L190:M190), PRODUCT(K296:M296), PRODUCT(K330:M330)) * PARAMS("L") -> 11413422080
A41: 💡Top Line Metrics
A42: Metric Name | B42: ="Value (" & H17 & ")" -> Value (GhostFish (P3)) | C42: Reference Value (GB200) | F42: # of Non Attention Params | G42: =G39-G40 -> 659586577920
A43: # of Tokens | B43: =$C26*$C25 -> 8192 | F43: # Attention Memory (GiB) | G43: =SUM(P87, P144, P171, P190, P296, P330) * PARAMS(B6) / 1024 -> 10.629578
A44: # Devices | B44: =G10 -> 64 | F44: # Model Memory (GiB) | G44: =(G42* SWITCH(G35, "fp32", 4, "bf16", 2, "fp8", 1, "fp4", 0.5)/1024^3 + G43*G10) + (G10-1) * SUM(P549, P568) * (C6-3)/1024 -> 1369.5164
A45: E2E Latency (s) | B45: =$G$73/1000 * $C$6 -> 0.040867668 | F45: # Per Device Model Memory (GiB) | G45: =G44/G10 -> 21.398694
A46: Throughput (tokens/s) | B46: =$B$43/$B$45 -> 200451.86 | F46: Usable fraction | G46: 0.9
A47: Discounted Throughput (tokens/s) | B47: =B43/(B45*(1+C28))*C29 -> 200451.86 | F47: Maximum Global Batch Size | G47: =(((H28 * G46 - G45)*1024^3) * G9) / (PARAMS(B27) * PAD_128(C10+C12) * SWITCH(PARAMS("kv_dtype"), "fp32", 4, "bf16", 2, "fp8", 1, "fp4", 0.5)*PARAMS(B6)) -> 12415.084
A48: Throughput (tokens/s/chip) | B48: =B47/$G$11 -> 6264.1206 | C48: 6366
A49: % to the reference | B49: =B48/$C$48 -> 0.98399633 | C49: =C48/$C$48 -> 1
A52: ⚡Roofline Summary | M52: EP=16
A53: Category | B53: Op Name | C53: Memory Time (ms) | D53: Compute Time (ms) | E53: ICI Latency Time (ms) | F53: ICI BW Time (ms) | G53: Roofline Time (ms) | H53: Boundness | J53: % Sum | K53: ICI Overlap? | M53: Roofline Time (ms)
A54: MLA | B54: Q Down Proj | C54: =$H$138 -> 0.0039216027 | D54: =$H$136 -> 0.001420637 | E54: =$H$133 -> 0 | F54: =H131 -> 0 | G54: =IF(K54,max(C54:F54), max(C54:D54)+max(E54:F54)) -> 0.0039216027 | H54: =LET(maxtime, MAX(C54:F54), IFS(maxtime=0, "", C54=maxtime, "HBM", D54=maxtime, "Compute", E54=maxtime, "ICI Lt", F54=maxtime, "ICI BW")) -> HBM | J54: =G54/$G$71 -> 0.0058534723 | K54: TRUE | M54: 0.0039216027 | O54: =M54/G54 -> 1
A55: MLA | B55: Q Up Proj | C55: =$H$165 -> 0.014080222 | D55: =$H$163 -> 0.0048707555 | F55: =H160 -> 0 | G55: =IF(K55,max(C55:F55), max(C55:D55)+max(E55:F55)) -> 0.014080222 | H55: =LET(maxtime, MAX(C55:F55), IFS(maxtime=0, "", C55=maxtime, "HBM", D55=maxtime, "Compute", E55=maxtime, "ICI Lt", F55=maxtime, "ICI BW")) -> HBM | J55: =G55/$G$71 -> 0.021016457 | K55: TRUE | M55: 0.014080222 | O55: =M55/G55 -> 1
A56: MLA | B56: Q Proj to K (K weight absoption) | C56: =$H$184 -> 0.0086775889 | D56: =$H$182 -> 0.0021647802 | G56: =IF(K56,max(C56:F56), max(C56:D56)+max(E56:F56)) -> 0.0086775889 | H56: =LET(maxtime, MAX(C56:F56), IFS(maxtime=0, "", C56=maxtime, "HBM", D56=maxtime, "Compute", E56=maxtime, "ICI Lt", F56=maxtime, "ICI BW")) -> HBM | J56: =G56/$G$71 -> 0.012952364 | M56: 0.0086775889 | O56: =M56/G56 -> 1
A57: MLA | B57: KV Down Proj | C57: =$H$203 -> 0.0016531224 | D57: =$H$201 -> 0.00053273889 | G57: =IF(K57,max(C57:F57), max(C57:D57)+max(E57:F57)) -> 0.0016531224 | H57: =LET(maxtime, MAX(C57:F57), IFS(maxtime=0, "", C57=maxtime, "HBM", D57=maxtime, "Compute", E57=maxtime, "ICI Lt", F57=maxtime, "ICI BW")) -> HBM | J57: =G57/$G$71 -> 0.0024674877 | M57: 0.0016531224 | O57: =M57/G57 -> 1
A58: MLA | B58: AllGather KV | F58: =$H$233 -> 0 | G58: =IF(K58,max(C58:F58), max(C58:D58)+max(E58:F58)) -> 0 | H58: =LET(maxtime, MAX(C58:F58), IFS(maxtime=0, "", C58=maxtime, "HBM", D58=maxtime, "Compute", E58=maxtime, "ICI Lt", F58=maxtime, "ICI BW")) | J58: =G58/$G$71 -> 0 | M58: 0 | O58: =M58/G58 -> #DIV/0!
A59: MLA | B59: FlashAttention | C59: =SUM(C61:C63) -> 0.22461605 | D59: =SUM(D61:D63) -> 0.27276231 | G59: =IF(PARAMS("flash_attn"),MAX(C59:F59),0) -> 0.27276231 | H59: =LET(maxtime, MAX(C59:F59), IFS(maxtime=0, "", C59=maxtime, "HBM", D59=maxtime, "Compute", E59=maxtime, "ICI Lt", F59=maxtime, "ICI BW")) -> Compute | J59: =G59/$G$71 -> 0.40713116 | M59: 0.27276231 | O59: =M59/G59 -> 1
A60: MLA | B60: VanillaAttention | G60: =IF(PARAMS("flash_attn"),0,SUM(G61:G63)) -> 0 | H60: =LET(maxtime, MAX(C60:F60), IFS(maxtime=0, "", C60=maxtime, "HBM", D60=maxtime, "Compute", E60=maxtime, "ICI Lt", F60=maxtime, "ICI BW")) | J60: =G60/$G$71 -> 0 | M60: 0 | O60: =M60/G60 -> #DIV/0!
A61: MLA | B61: |- QK (nope) | C61: =$H$252 -> 0.194912 | D61: =$H$250 -> 0.077932089 | G61: =max(C61:F61) -> 0.194912 | H61: =LET(maxtime, MAX(C61:F61), IFS(maxtime=0, "", C61=maxtime, "HBM", D61=maxtime, "Compute", E61=maxtime, "ICI Lt", F61=maxtime, "ICI BW")) -> HBM | M61: 0.194912 | O61: =M61/G61 -> 1
A62: MLA | B62: |- QK (rope) | C62: =$H$271 -> 0.024363999 | D62: =$H$269 -> 0.038966044 | G62: =max(C62:F62) -> 0.038966044 | H62: =LET(maxtime, MAX(C62:F62), IFS(maxtime=0, "", C62=maxtime, "HBM", D62=maxtime, "Compute", E62=maxtime, "ICI Lt", F62=maxtime, "ICI BW")) -> Compute | M62: 0.038966044 | O62: =M62/G62 -> 1
A63: MLA | B63: |- AV | C63: =$H$290 -> 0.0053400547 | D63: =$H$288 -> 0.15586418 | G63: =max(C63:F63) -> 0.15586418 | H63: =LET(maxtime, MAX(C63:F63), IFS(maxtime=0, "", C63=maxtime, "HBM", D63=maxtime, "Compute", E63=maxtime, "ICI Lt", F63=maxtime, "ICI BW")) -> Compute | M63: 0.15586418 | O63: =M63/G63 -> 1
A64: MLA | B64: V Up Proj (Weight Absorption) | C64: =H309 -> 0.0066750684 | D64: =H307 -> 0.0010823901 | G64: =IF(K64,max(C64:F64), max(C64:D64)+max(E64:F64)) -> 0.0066750684 | H64: =LET(maxtime, MAX(C64:F64), IFS(maxtime=0, "", C64=maxtime, "HBM", D64=maxtime, "Compute", E64=maxtime, "ICI Lt", F64=maxtime, "ICI BW")) -> HBM | J64: =G64/$G$71 -> 0.0099633572 | K64: TRUE | M64: 0.0066750684 | O64: =M64/G64 -> 1
A65: MLA | B65: AllGather | F65: =$G$324 -> 0 | G65: =IF(K65,max(C65:F65), max(C65:D65)+max(E65:F65)) -> 0 | H65: =LET(maxtime, MAX(C65:F65), IFS(maxtime=0, "", C65=maxtime, "HBM", D65=maxtime, "Compute", E65=maxtime, "ICI Lt", F65=maxtime, "ICI BW")) | J65: =G65/$G$71 -> 0 | M65: 0 | O65: =M65/G65 -> #DIV/0!
A66: MLA | B66: O Proj | C66: =H351 -> 0.038631958 | D66: =H349 -> 0.015153462 | F66: =$H$346 -> 0 | G66: =IF(K66,max(C66:F66), max(C66:D66)+max(E66:F66)) -> 0.038631958 | H66: =LET(maxtime, MAX(C66:F66), IFS(maxtime=0, "", C66=maxtime, "HBM", D66=maxtime, "Compute", E66=maxtime, "ICI Lt", F66=maxtime, "ICI BW")) -> HBM | J66: =G66/$G$71 -> 0.05766293 | K66: TRUE | M66: 0.038631958 | O66: =M66/G66 -> 1
A67: MoE | B67: Dispatch | F67: =$H$399 -> 0.0917504 | G67: =IF(K67,max(C67:F67), max(C67:D67)+max(E67:F67)) -> 0.0917504 | H67: =LET(maxtime, MAX(C67:F67), IFS(maxtime=0, "", C67=maxtime, "HBM", D67=maxtime, "Compute", E67=maxtime, "ICI Lt", F67=maxtime, "ICI BW")) -> ICI BW | J67: =G67/$G$71 -> 0.13694871 | M67: 0.051269531 | O67: =M67/G67 -> 0.55879354
A68: MoE | B68: Gating x 2 + Act | C68: =$H$449 -> 0.022361479 | D68: =$H$447 -> 0.030306923 | F68: =$H$439 -> 0 | G68: =IF(K68,max(C68:F68), max(C68:D68)+max(E68:F68)) -> 0.030306923 | H68: =LET(maxtime, MAX(C68:F68), IFS(maxtime=0, "", C68=maxtime, "HBM", D68=maxtime, "Compute", E68=maxtime, "ICI Lt", F68=maxtime, "ICI BW")) -> Compute | J68: =G68/$G$71 -> 0.045236796 | K68: TRUE | M68: 0.078432053 | O68: =M68/G68 -> 2.5879253
A69: MoE | B69: Linear | C69: =$H$485 -> 0.01468515 | D69: =$H$483 -> 0.015153462 | F69: =$H$474 -> 0 | G69: =IF(K69,max(C69:F69), max(C69:D69)+max(E69:F69)) -> 0.015153462 | H69: =LET(maxtime, MAX(C69:F69), IFS(maxtime=0, "", C69=maxtime, "HBM", D69=maxtime, "Compute", E69=maxtime, "ICI Lt", F69=maxtime, "ICI BW")) -> Compute | J69: =G69/$G$71 -> 0.022618398 | K69: TRUE | M69: 0.042720437 | O69: =M69/G69 -> 2.8191867
A70: MoE | B70: Collect | F70: =$H$536 -> 0.18634911 | G70: =IF(K70,max(C70:F70), max(C70:D70)+max(E70:F70)) -> 0.18634911 | H70: =LET(maxtime, MAX(C70:F70), IFS(maxtime=0, "", C70=maxtime, "HBM", D70=maxtime, "Compute", E70=maxtime, "ICI Lt", F70=maxtime, "ICI BW")) -> ICI BW | J70: =G70/$G$71 -> 0.27814887 | M70: 0.10253906 | O70: =M70/G70 -> 0.5502525
E71: Overlapping Strategy | F71: OptionA. No Overlapping | G71: =SUM(G54:G60,G64:G70) -> 0.66996177 | J71: =G71/$G$71 -> 1 | M71: 0.62136296 | O71: =M71/G71 -> 0.92746033
F72: OptionB. Overlapping Expert Collectives | G72: =SUM(G54:G60,G64:G66)+MAX(G67:G68)+MAX(G69:G70) -> 0.62450138 | M72: 0.52737299 | O72: =M72/G72 -> 0.84447049
A73: TOTAL | E73: Selected Strategy | F73: OptionA. No Overlapping | G73: =IF(F73=F71,G71,G72) -> 0.66996177 | M73: 0.6214 | O73: =M73/G73 -> 0.92746033
A76: 💾 Memory Occupancy | E76: 🔍 Detailed Op Analysis 1 - MLA (Multi-head Latent Attention)
A77: Key | B77: Value | C77: Notes | E77: Operation | F77: Details | I77: Dimensions | O77: dtype | P77: Size(MiB) | Q77: VMEM Prefetched /Pinned
A78: Attention Weights, Global (GiB) | B78: =SUM(P87,P144,P171,P190,P296,P330) * PARAMS("L") / 1024 -> 10.629578 | E78: 0. Activation Before Attention Layer | F78: Activation Tensor | H78: Dimension Name | I78: ( | K78: B | L78: T | M78: D | N78: ) | O78: fp8
A79: MoE Weights, Global (GiB) | B79: =SUM($P$359,$P$455) * PARAMS("L") / 1024 -> 133.4375 | H79: Global Shape | I79: ( | K79: =PARAMS(K78) -> 8192 | L79: =PARAMS(L78) -> 1 | M79: =PARAMS(M78) -> 7168 | N79: ) | P79: =SIZEOF_IN_MIB(J79:M79, $O78) -> 56
A80: Other Weights, Global (GiB) | H80: Sharding | I80: ( | K80: data,model | N80: )
A81: KV Cache Size, Global (GiB) | B81: =SIZEOF_IN_MIB(PARAMS("B")*PARAMS("S")*PARAMS("L")*(PARAMS("c_kv")+PARAMS("h_rope")), PARAMS("kv_dtype"))/1024 -> 2470.5 | H81: Local Shape (per-core) | I81: ( | K81: =K79/SHARDING(K80) -> 128 | L81: =L79/SHARDING(L80) -> 1 | M81: =M79/SHARDING(M80) -> 7168 | N81: ) | P81: =SIZEOF_IN_MIB(J81:M81, $O78) -> 0.875
A82: Intermediate Activation Tensors, Global (GiB) | B82: =MAX(P87,P106,P136,P163,P182,P201,P250,P269,P288,P304,P365,P414,P505,P524)/1024 -> 0.010253906 | E82: 1. Q Down Proj | F82: LHS | H82: Dimension Name | I82: ( | K82: B | L82: T | M82: D | N82: ) | O82: =EXTRACT_ACTIVATION_DTYPE(PARAMS("attn_proj_dtype")) -> fp8 | Q82: FALSE
A83: TOTAL (Global) | B83: =SUM(B78:B81) -> 2614.5671 | C83: ="<=" & ($H$28 * PARAMS("num_devices")) & " (Capacity)?" -> <=6144 (Capacity)? | H83: Global Shape | I83: ( | K83: =PARAMS(K82) -> 8192 | L83: =PARAMS(L82) -> 1 | M83: =PARAMS(M82) -> 7168 | N83: ) | P83: =SIZEOF_IN_MIB(J83:M83, $O82) -> 56
H84: Sharding | I84: ( | K84: data,model | N84: )
A85: Attention Weights, Local (GiB) | B85: =SUM(P89,P146,P173,P192,P298,P332) * PARAMS("L") / 1024 -> 10.629578 | H85: Local Shape (per-core) | I85: ( | K85: =K83/SHARDING(K84) -> 128 | L85: =L83/SHARDING(L84) -> 1 | M85: =M83/SHARDING(M84) -> 7168 | N85: ) | P85: =SIZEOF_IN_MIB(J85:M85, $O82) -> 0.875
A86: MoE Weights, Local (GiB) | B86: =SUM(P409,P457) * PARAMS("L") / 1024 -> 5.0039062 | F86: RHS | H86: Dimension Name | I86: ( | L86: D | M86: c_q | N86: ) | O86: =EXTRACT_WEIGHT_DTYPE(PARAMS("attn_proj_dtype")) -> fp8 | Q86: FALSE
A87: Other Weights, Global (GiB) | H87: Global Shape | I87: ( | L87: =PARAMS(L86) -> 7168 | M87: =PARAMS(M86) -> 1536 | N87: ) | P87: =SIZEOF_IN_MIB(J87:M87, $O86) -> 10.5
A88: KV Cache Size, Local (GiB) | B88: =B81/PARAMS("num_devices") -> 38.601562 | H88: Sharding | I88: ( | N88: )
A89: Intermediate Activation Tensors, Local (GiB) | B89: =MAX(P89,P108,P138,P165,P184,P203,P252,P271,P290,P306,P367,P416,P507,P526)/1024 -> 0.010253906 | H89: Local Shape (per-core) | I89: ( | L89: =L87/SHARDING(L88) -> 7168 | M89: =M87/SHARDING(M88) -> 1536 | N89: ) | P89: =SIZEOF_IN_MIB(J89:M89, $O86) -> 10.5
A90: TOTAL (Local) | B90: =SUM(B85:B88) -> 54.235046 | C90: ="<=" & ($H$28) & " (Capacity)?" -> <=96 (Capacity)? | F90: Output | H90: Dimension Name | I90: ( | K90: B | L90: T | M90: c_q | N90: ) | O90: bf16 | Q90: FALSE
H91: Global Shape | I91: ( | K91: =PARAMS(K90) -> 8192 | L91: =PARAMS(L90) -> 1 | M91: =PARAMS(M90) -> 1536 | N91: ) | P91: =SIZEOF_IN_MIB(K91:M91, $O90) -> 24
H92: Sharding | I92: ( | K92: data,model | N92: )
H93: Local Shape (per-core) | I93: ( | K93: =K91/SHARDING(K92) -> 128 | L93: =L91/SHARDING(L92) -> 1 | M93: =M91/SHARDING(M92) -> 1536 | N93: ) | P93: =SIZEOF_IN_MIB(K93:M93, $O90) -> 0.375
F94: Pre-operation Collectives | G94: Transferring Tensor | H94: Dimension Name | I94: ( | J94: {=J78:M81} | K94: B | L94: T | M94: D | N94: ) | O94: =O82 -> fp8
H95: Global Shape | I95: ( | K95: 8192 | L95: 1 | M95: 7168 | N95: ) | P95: =SIZEOF_IN_MIB(J95:M95, O94) -> 56
H96: Source Sharding | I96: ( | K96: data,model | N96: )
H97: Source Local Shape (per-core) | I97: ( | K97: 128 | L97: 1 | M97: 7168 | N97: ) | P97: =SIZEOF_IN_MIB(J97:M97, O94) -> 0.875
H98: Target Sharding | I98: ( | N98: )
G99: Strategy A: All-Gather Tokens with no chiplet involved
G100: # of devices involved | H100: =SHARDING(K96)*SHARDING(L96)*SHARDING(M96) -> 64
G101: Per-device: Data transferred from a device (MiB) | H101: =P97 * (H100-1) -> 55.125
G102: Global Traffic Size (MiB) | H102: =H101*H100 -> 3528
G103: # of Links involved | H103: =IFS(H100=8,12, H100=4,4, H100=2,1, H100=1,0, TRUE,NA()) -> #N/A
G104: # of Chiplets sharing links | H104: 1
...

Sheet decodeDP=16F=2D=8
A1: Description | B1: Symbol | C1: Value | F1: Sharding (Axis Name) | G1: # of Devices | H1: Notes | Q1: Size In Bytes | T1: MXU dtype
A2: Embedding Dimension | B2: D | C2: 7168 | F2: [ ↓ Configurable Values] | Q2: fp4 | R2: 0.5 | T2: =U2&","&V2 -> fp4,fp4 | U2: fp4 | V2: fp4 | W2: fp4
A3: Hidden Dimension | B3: F | C3: 2048 | F3: model | G3: 2 | Q3: fp8 | R3: 1 | T3: =U3&","&V3 -> fp4,fp8 | U3: fp4 | V3: fp8 | W3: fp8
A4: # of experts | B4: E | C4: 256 | F4: data | G4: 8 | H4: Also used for expert sharding for MoE | Q4: bf16 | R4: 2 | T4: =U4&","&V4 -> fp4,bf16 | U4: fp4 | V4: bf16 | W4: bf16
A5: # of Layers | B5: L | C5: 61 | F5: seq | G5: 1 | T5: =U5&","&V5 -> fp8,fp4 | U5: fp8 | V5: fp4 | W5: fp8
A6: # of Dense Layers | B6: DL | C6: 3 | F6: attn_model | G6: 1 | H6: Used if attention is replicated | T6: =U6&","&V6 -> fp8,fp8 | U6: fp8 | V6: fp8 | W6: fp8
A7: # of experts to be activated per token | B7: top_k | C7: 8 | F7: [ ↓ Derived Values]
A8: The dimension of the compressed latent vector for Query | B8: c_q | C8: 1536 | F8: data,model | G8: =G4*G3 -> 16 | T8: =U8&","&V8 -> fp8,bf16 | U8: fp8 | V8: bf16 | W8: bf16
A9: The dimension of the compressed latent vector for KV | B9: c_kv | C9: 512 | F9: Total # of devices | G9: =PRODUCT(G2:G5) -> 16 | T9: =U9&","&V9 -> bf16,fp4 | U9: bf16 | V9: fp4 | W9: bf16
A10: The dimension of Non-RoPE part of the query head | B10: h_nope | C10: 128 | F10: Total # of chips | G10: =$G$9/$H$17 -> #N/A | T10: =U10&","&V10 -> bf16,fp8 | U10: bf16 | V10: fp8 | W10: bf16
A11: The dimension of the RoPE part of the query head | B11: h_rope | C11: 64 | L11: TODO LIST | T11: bf16,bf16 | U11: bf16 | V11: bf16 | W11: bf16
A12: The number of Attention Heads (Query) | B12: n_q | C12: 128
A13: [ ↓ Derived parameters]
A14: h_nope+h_rope | B14: h_nope+h_rope | C14: =$C$10+$C$11 -> 192
A15: c_kv+h_rope | B15: c_kv+h_rope | C15: =$C$9+$C$11 -> 576
A16: # of Duplicated tokens (top_k times) | B16: kT | C16: =C7*$C$24 -> 8 | F16: Hardware Spec | G16: Derate Factor | H16: GhostFish
A17: # of Devices | B17: num_devices | C17: =$G$9 -> 16 | F17: {=DB!A2:A14} -> # of TensorCore per Chip | G17: 1 | H17: {=xlookup($H$16,DB!1:1,DB!2:14) * G17:G29} -> #N/A
A18: # of Chips | B18: num_chips | C18: =$G$10 -> #N/A | F18: Per-Chip HBM-BW (GB/s) | G18: 1 | H18: #N/A
A19: Assumed Topology | B19: topo | C19: =IFS(C18=8,"2x2x2",C18=4,"2x2",TRUE,NA) -> #N/A | F19: Per-Chip TFLOPS (fp4) | G19: 1 | H19: #N/A
A20: # of Links in the current topology | B20: num_links_in_topo | C20: =IFS(C19="2x2x2",12,C19="2x2",4,TRUE,NA()) -> #N/A | F20: Per-Chip TFLOPS (fp8) | G20: 1 | H20: #N/A
F21: Per-Chip TFLOPS (fp16) | G21: 1 | H21: #N/A
A22: [ ↓ Configurable parameters] | F22: Per-Chip HBM Capacity (GiB) | G22: 0.987 | H22: #N/A
A23: Regime | B23: R | C23: Decode | F23: Per-Core HBM-BW (GB/s) | G23: 0.8 | H23: #N/A
A24: Sequence Length (Q) | B24: T | C24: =IF(C23="Decode", 1, 2048) -> 1 | F24: Per-Core TFLOPS (fp4) | G24: 1 | H24: #N/A
A25: Batch Size (power of 2) | B25: B | C25: 4096 | F25: Per-Core TFLOPS (fp8) | G25: 1 | H25: #N/A
A26: Sequence Length (KV) | B26: S | C26: =1024+4096 -> 5120 | F26: Per-Core TFLOPS (bf16) | G26: 1 | H26: #N/A
A27: Scheduler Latency Overhead | C27: 0.15 | F27: Per-Core HBM Capacity (GiB) | G27: 0.987 | H27: #N/A
A28: Roofline Discount Rate | C28: 1 | F28: Core-to-Core ICI Bandwidth (uni, GB/s) | G28: 0.375 | H28: #N/A
A29: KV Cache dtype | B29: kvcache_dtype | C29: bf16 | F29: Chip-to-Chip ICI Bandwidth (uni, GB/s) | G29: 0.8 | H29: #N/A
A30: Flash Attention Enabled | B30: flash_attn | C30: TRUE
A32: 💡Top Line Metrics | F32: Maximum Batchsize Calculation
A33: Metric Name | B33: ="Value (" & H16 & ")" -> Value (GhostFish) | C33: Reference Value (GB200) | F33: Model Weights Dtype | G33: fp8
A34: # of Tokens | B34: =$C25*$C24 -> 4096 | C34: =492*8 -> 3936 | F34: KV Cache Dtype | G34: =C29 -> bf16
A35: # Devices | B35: =G9 -> 16 | C35: 8 | F35: Shared Expert Strategy | G35: Strategy A: All-Gather Tokens
A36: E2E Latency (s) | B36: =$G$78/1000 * $C$5 -> #N/A | C36: =0.0734 -> 0.0734 | F36: # of Model Params | G36: =671*1000000000 -> 671000000000
A37: Throughput (tokens/s) | B37: =$B$34/$B$36 -> #N/A | C37: =492/0.0733 * C35 -> 53697.135 | F37: # of Attention Params | G37: =SUM(PRODUCT(L92:M92), PRODUCT(K138:M138), PRODUCT(K157:M157), PRODUCT(L176:M176), PRODUCT(K252:M252), PRODUCT(K271:M271)) * PARAMS("L") -> 11413422080
A38: Discounted Throughput (tokens/s) | B38: =B34/(B36*(1+C27))*C28 -> #N/A
A39: Throughput (tokens/s/chip) | B39: =B38/$G$10 -> #N/A | C39: =C37/C35 -> 6712.1419 | F39: # of Non Attention Params | G39: =G36-G37 -> 659586577920
F40: # Attention Memory (GiB) | G40: =SUM(P92, P138, P157, P176, P252, P271) * PARAMS(B5) / 1024 -> 10.629578
F41: # Model Memory (GiB) | G41: =(G39* SWITCH(G33, "fp32", 4, "bf16", 2, "fp8", 1, "fp4", 0.5)/1024^3 + G40*G9) + (G9-1) * SUM(P453, P472) * (C5-3)/1024 -> 802.20291
F42: # Per Device Model Memory (GiB) | G42: =G41/G9 -> 50.137682
A43: 💾 Memory Occupancy | F43: Usable fraction | G43: 0.9
A44: Key | B44: Value | C44: Notes | F44: Maximum Global Batch Size | G44: =(((H27 * G43 - G42)*1024^3) * G8) / (PARAMS(B26) * PAD_128(C9+C11) * SWITCH(PARAMS("kvcache_dtype"), "fp32", 4, "bf16", 2, "fp8", 1, "fp4", 0.5)*PARAMS(B5)) -> #N/A
A45: Attention Weights, Global (GiB) | B45: =SUM(P92,P138,P157,P176,P252,P271) * PARAMS("L") / 1024 -> 10.629578 | J45: =SUM(G43+G45+G47) -> 0.9
A46: MoE Weights, Global (GiB) | B46: =SUM($P$292,$P$381) * PARAMS("L") / 1024 -> 120.09375 | M46: =(2*129280*7168 + 3*2048*7168) -> 1897398272
A47: Other Weights, Global (GiB)
A48: KV Cache Size, Global (GiB) | B48: =SIZEOF_IN_MIB(PARAMS("B")*PARAMS("S")*PARAMS("L")*(PARAMS("c_kv")+PARAMS("h_rope")), PARAMS("kvcache_dtype"))/1024 -> 1372.5
A49: Intermediate Activation Tensors, Global (GiB) | B49: =MAX(P92,P111,P130,P149,P168,P187,P206,P225,P244,P260,P298,P345,P411,P430)/1024 -> 0.010253906
A50: TOTAL (Global) | B50: =SUM(B45:B48) -> 1503.2233 | C50: ="<=" & ($H$27 * PARAMS("num_devices")) & " (Capacity)?" -> #N/A
A52: Attention Weights, Local (GiB) | B52: =SUM(P94,P140,P159,P178,P254,P273) * PARAMS("L") / 1024 -> 10.629578
A53: MoE Weights, Local (GiB) | B53: =SUM(P340,P383) * PARAMS("L") / 1024 -> 20.015625
A54: Other Weights, Global (GiB)
A55: KV Cache Size, Local (GiB) | B55: =B48/PARAMS("num_devices") -> 85.78125
A56: Intermediate Activation Tensors, Local (GiB) | B56: =MAX(P94,P113,P132,P151,P170,P189,P208,P227,P246,P262,P300,P347,P413,P432)/1024 -> 0.010253906
A57: TOTAL (Local) | B57: =SUM(B52:B55) -> 116.42645 | C57: ="<=" & ($H$27) & " (Capacity)?" -> #N/A
A59: ⚡Roofline Summary
A60: Category | B60: Op Name | C60: Memory Time (ms) | D60: Compute Time (ms) | E60: ICI Latency Time (ms) | F60: ICI BW Time (ms) | G60: Roofline Time (ms) | H60: Boundness | J60: % Roofline
A61: MLA | B61: Q Down Proj | C61: =$H$132 -> #N/A | D61: =$H$130 -> #N/A | F61: =H127 -> #N/A | G61: =max(C61:F61) -> #N/A | H61: =IFS(C61=G61, "HBM", D61=G61, "Compute", E61=G61, "ICI Lt", F61=G61, "ICI BW") -> #N/A | J61: =G61/$G$76 -> #N/A
A62: MLA | B62: Q Up Proj | C62: =$H$151 -> #N/A | D62: =$H$149 -> #N/A | G62: =max(C62:F62) -> #N/A | H62: =IFS(C62=G62, "HBM", D62=G62, "Compute", E62=G62, "ICI Lt", F62=G62, "ICI BW") -> #N/A | J62: =G62/$G$76 -> #N/A
A63: MLA | B63: Q Proj to K (K weight absoption) | C63: =$H$170 -> #N/A | D63: =$H$168 -> #N/A | G63: =max(C63:F63) -> #N/A | H63: =IFS(C63=G63, "HBM", D63=G63, "Compute", E63=G63, "ICI Lt", F63=G63, "ICI BW") -> #N/A | J63: =G63/$G$76 -> #N/A
A64: MLA | B64: KV Down Proj | C64: =$H$189 -> #N/A | D64: =$H$187 -> #N/A | G64: =max(C64:F64) -> #N/A | H64: =IFS(C64=G64, "HBM", D64=G64, "Compute", E64=G64, "ICI Lt", F64=G64, "ICI BW") -> #N/A | J64: =G64/$G$76 -> #N/A
A65: MLA | B65: FlashAttention | C65: =SUM(C67:C69) -> #N/A | D65: =SUM(D67:D69) -> #N/A | G65: =IF(PARAMS("flash_attn"),MAX(C65:F65),0) -> #N/A | H65: =IFS(G65=0,"",C65=G65, "HBM", D65=G65, "Compute", E65=G65, "ICI Lt", F65=G65, "ICI BW") -> #N/A | J65: =G65/$G$76 -> #N/A
A66: MLA | B66: VanillaAttention | G66: =IF(PARAMS("flash_attn"),0,SUM(G67:G69)) -> 0 | J66: =G66/$G$76 -> #N/A
A67: MLA | B67: |- QK (nope) | C67: =$H$208 -> #N/A | D67: =$H$206 -> #N/A | G67: =max(C67:F67) -> #N/A | H67: =IFS(C67=G67, "HBM", D67=G67, "Compute", E67=G67, "ICI Lt", F67=G67, "ICI BW") -> #N/A
A68: MLA | B68: |- QK (rope) | C68: =$H$227 -> #N/A | D68: =$H$225 -> #N/A | G68: =max(C68:F68) -> #N/A | H68: =IFS(C68=G68, "HBM", D68=G68, "Compute", E68=G68, "ICI Lt", F68=G68, "ICI BW") -> #N/A
A69: MLA | B69: |- AV | C69: =$H$246 -> #N/A | D69: =$H$244 -> #N/A | G69: =max(C69:F69) -> #N/A | H69: =IFS(C69=G69, "HBM", D69=G69, "Compute", E69=G69, "ICI Lt", F69=G69, "ICI BW") -> #N/A
A70: MLA | B70: V Up Proj (Weight Absorption) | C70: =H265 -> #N/A | D70: =H263 -> #N/A | G70: =max(C70:F70) -> #N/A | H70: =IFS(C70=G70, "HBM", D70=G70, "Compute", E70=G70, "ICI Lt", F70=G70, "ICI BW") -> #N/A | J70: =G70/$G$76 -> #N/A
A71: MLA | B71: O Proj | C71: =H284 -> #N/A | D71: =H282 -> #N/A | G71: =max(C71:F71) -> #N/A | H71: =IFS(C71=G71, "HBM", D71=G71, "Compute", E71=G71, "ICI Lt", F71=G71, "ICI BW") -> #N/A | J71: =G71/$G$76 -> #N/A
A72: MoE | B72: Dispatch | F72: =$H$332 -> #N/A | G72: =max(C72:F72) -> #N/A | H72: =IFS(C72=G72, "HBM", D72=G72, "Compute", E72=G72, "ICI Lt", F72=G72, "ICI BW") -> #N/A | J72: =G72/$G$76 -> #N/A
A73: MoE | B73: Gating x 2 + Act | C73: =$H$375 -> #N/A | D73: =$H$373 -> #N/A | F73: =$H$370 -> #N/A | G73: =max(C73:F73) -> #N/A | H73: =IFS(C73=G73, "HBM", D73=G73, "Compute", E73=G73, "ICI Lt", F73=G73, "ICI BW") -> #N/A | J73: =G73/$G$76 -> #N/A
A74: MoE | B74: Linear | C74: =$H$405 -> #N/A | D74: =$H$403 -> #N/A | F74: =$H$400 -> 0 | G74: =max(C74:F74) -> #N/A | H74: =IFS(C74=G74, "HBM", D74=G74, "Compute", E74=G74, "ICI Lt", F74=G74, "ICI BW") -> #N/A | J74: =G74/$G$76 -> #N/A
A75: MoE | B75: Collect | F75: =$H$442 -> #N/A | G75: =max(C75:F75) -> #N/A | H75: =IFS(C75=G75, "HBM", D75=G75, "Compute", E75=G75, "ICI Lt", F75=G75, "ICI BW") -> #N/A | J75: =G75/$G$76 -> #N/A
E76: Overlapping Strategy | F76: OptionA. No Overlapping | G76: =SUM(G61:G66,G70:G75) -> #N/A | J76: =G76/$G$76 -> #N/A
F77: OptionB. Overlapping Expert Collectives | G77: =SUM(G61:G66,G70:G71)+MAX(G72:G73)+MAX(G74:G75) -> #N/A
A78: TOTAL | E78: Selected Strategy | F78: OptionA. No Overlapping | G78: =IF(F78=F76,G76,G77) -> #N/A
E81: 🔍 Detailed Op Analysis 1 - MLA (Multi-head Latent Attention)
E82: Operation | F82: Details | I82: Dimensions | O82: dtype | P82: Size(MiB) | Q82: VMEM Prefetched /Pinned
E83: 0. Activation Before Attention Layer | F83: Activation Tensor | H83: Dimension Name | I83: ( | K83: B | L83: T | M83: D | N83: ) | O83: fp8 | Q83: FALSE
H84: Global Shape | I84: ( | K84: =PARAMS(K83) -> 4096 | L84: =PARAMS(L83) -> 1 | M84: =PARAMS(M83) -> 7168 | N84: ) | P84: =SIZEOF_IN_MIB(J84:M84, $O83) -> 28 | Q84: FALSE
H85: Sharding | I85: ( | K85: model | M85: data | N85: ) | Q85: FALSE
H86: Local Shape (per-core) | I86: ( | K86: =K84/SHARDING(K85) -> 2048 | L86: =L84/SHARDING(L85) -> 1 | M86: =M84/SHARDING(M85) -> 896 | N86: ) | P86: =SIZEOF_IN_MIB(J86:M86, $O83) -> 1.75 | Q86: FALSE
E87: 1. Q Down Proj | F87: LHS | H87: Dimension Name | I87: ( | K87: B | L87: T | M87: D | N87: ) | O87: fp8 | Q87: FALSE
H88: Global Shape | I88: ( | K88: =PARAMS(K87) -> 4096 | L88: =PARAMS(L87) -> 1 | M88: =PARAMS(M87) -> 7168 | N88: ) | P88: =SIZEOF_IN_MIB(J88:M88, $O87) -> 28
H89: Sharding | I89: ( | K89: data,model | N89: )
H90: Local Shape (per-core) | I90: ( | K90: =K88/SHARDING(K89) -> 256 | L90: =L88/SHARDING(L89) -> 1 | M90: =M88/SHARDING(M89) -> 7168 | N90: ) | P90: =SIZEOF_IN_MIB(J90:M90, $O87) -> 1.75
F91: RHS | H91: Dimension Name | I91: ( | L91: D | M91: c_q | N91: ) | O91: fp8 | Q91: FALSE
H92: Global Shape | I92: ( | L92: =PARAMS(L91) -> 7168 | M92: =PARAMS(M91) -> 1536 | N92: ) | P92: =SIZEOF_IN_MIB(J92:M92, $O91) -> 10.5
H93: Sharding | I93: ( | N93: )
H94: Local Shape (per-core) | I94: ( | L94: =L92/SHARDING(L93) -> 7168 | M94: =M92/SHARDING(M93) -> 1536 | N94: ) | P94: =SIZEOF_IN_MIB(J94:M94, $O91) -> 10.5
F95: Output | H95: Dimension Name | I95: ( | K95: B | L95: T | M95: c_q | N95: ) | O95: bf16 | Q95: FALSE
H96: Global Shape | I96: ( | K96: =PARAMS(K95) -> 4096 | L96: =PARAMS(L95) -> 1 | M96: =PARAMS(M95) -> 1536 | N96: ) | P96: =SIZEOF_IN_MIB(K96:M96, $O95) -> 12
H97: Sharding | I97: ( | K97: data,model | N97: )
H98: Local Shape (per-core) | I98: ( | K98: =K96/SHARDING(K97) -> 256 | L98: =L96/SHARDING(L97) -> 1 | M98: =M96/SHARDING(M97) -> 1536 | N98: ) | P98: =SIZEOF_IN_MIB(K98:M98, $O95) -> 0.75
F99: Pre-operation Collectives | G99: Transferring Tensor | H99: Dimension Name | I99: ( | J99: {=J83:M86} | K99: B | L99: T | M99: D | N99: ) | O99: fp8
H100: Global Shape | I100: ( | K100: 4096 | L100: 1 | M100: 7168 | N100: ) | P100: =SIZEOF_IN_MIB(J100:M100, O99) -> 28
H101: Source Sharding | I101: ( | K101: model | M101: data | N101: )
H102: Source Local Shape (per-core) | I102: ( | K102: 2048 | L102: 1 | M102: 896 | N102: ) | P102: =SIZEOF_IN_MIB(J102:M102, O99) -> 1.75
H103: Target Sharding | I103: ( | N103: )
G104: Strategy A: All-Gather Tokens with no chiplet involved
G105: # of devices involved | H105: =SHARDING(K101)*SHARDING(L101)*SHARDING(M101) -> 16
...

Sheet decodeDP=16E=16
A1: Description | B1: Symbol | C1: Value | F1: Sharding (Axis Name) | G1: # of Devices | H1: Notes | Q1: Size In Bytes | T1: MXU dtype
A2: Embedding Dimension | B2: D | C2: 7168 | F2: [ ↓ Configurable Values] | Q2: fp4 | R2: 0.5 | T2: =U2&","&V2 -> fp4,fp4 | U2: fp4 | V2: fp4 | W2: fp4
A3: Hidden Dimension | B3: F | C3: 2048 | F3: model | G3: 1 | Q3: fp8 | R3: 1 | T3: =U3&","&V3 -> fp4,fp8 | U3: fp4 | V3: fp8 | W3: fp8
A4: # of experts | B4: E | C4: 256 | F4: data | G4: 16 | H4: Also used for expert sharding for MoE | Q4: bf16 | R4: 2 | T4: =U4&","&V4 -> fp4,bf16 | U4: fp4 | V4: bf16 | W4: bf16
A5: # of Layers | B5: L | C5: 61 | F5: seq | G5: 1 | T5: =U5&","&V5 -> fp8,fp4 | U5: fp8 | V5: fp4 | W5: fp8
A6: # of Dense Layers | B6: DL | C6: 3 | F6: attn_model | G6: 1 | H6: Used if attention is replicated | T6: =U6&","&V6 -> fp8,fp8 | U6: fp8 | V6: fp8 | W6: fp8
A7: # of experts to be activated per token | B7: top_k | C7: 8 | F7: [ ↓ Derived Values]
A8: The dimension of the compressed latent vector for Query | B8: c_q | C8: 1536 | F8: data,model | G8: =G4*G3 -> 16 | T8: =U8&","&V8 -> fp8,bf16 | U8: fp8 | V8: bf16 | W8: bf16
A9: The dimension of the compressed latent vector for KV | B9: c_kv | C9: 512 | F9: Total # of devices | G9: =PRODUCT(G2:G5) -> 16 | T9: =U9&","&V9 -> bf16,fp4 | U9: bf16 | V9: fp4 | W9: bf16
A10: The dimension of Non-RoPE part of the query head | B10: h_nope | C10: 128 | F10: Total # of chips | G10: =$G$9/$H$17 -> 8 | T10: =U10&","&V10 -> bf16,fp8 | U10: bf16 | V10: fp8 | W10: bf16
A11: The dimension of the RoPE part of the query head | B11: h_rope | C11: 64 | L11: TODO LIST | T11: bf16,bf16 | U11: bf16 | V11: bf16 | W11: bf16
A12: The number of Attention Heads (Query) | B12: n_q | C12: 128
A13: [ ↓ Derived parameters]
A14: h_nope+h_rope | B14: h_nope+h_rope | C14: =$C$10+$C$11 -> 192
A15: c_kv+h_rope | B15: c_kv+h_rope | C15: =$C$9+$C$11 -> 576
A16: # of Duplicated tokens (top_k times) | B16: kT | C16: =C7*$C$24 -> 8 | F16: Hardware Spec | G16: Derate Factor | H16: GhostFish (P3)
A17: # of Devices | B17: num_devices | C17: =$G$9 -> 16 | F17: {=DB!A2:A14} -> # of TensorCore per Chip | G17: 1 | H17: {=xlookup($H$16,DB!1:1,DB!2:14) * G17:G29} -> 2
A18: # of Chips | B18: num_chips | C18: =$G$10 -> 8 | F18: Per-Chip HBM-BW (GB/s) | G18: 1 | H18: 7315
A19: Assumed Topology | B19: topo | C19: =IFS(C18=8,"2x2x2",C18=4,"2x2",TRUE,NA) -> 2x2x2 | F19: Per-Chip TFLOPS (fp4) | G19: 1 | H19: 3968.04
A20: # of Links in the current topology | B20: num_links_in_topo | C20: =IFS(C19="2x2x2",12,C19="2x2",4,TRUE,NA()) -> 12 | F20: Per-Chip TFLOPS (fp8) | G20: 1 | H20: 3968.04
F21: Per-Chip TFLOPS (fp16) | G21: 1 | H21: 1984.02
A22: [ ↓ Configurable parameters] | F22: Per-Chip HBM Capacity (GiB) | G22: 0.987 | H22: 189.504
A23: Regime | B23: R | C23: Decode | F23: Per-Core HBM-BW (GB/s) | G23: 0.8 | H23: 2926
A24: Sequence Length (Q) | B24: T | C24: =IF(C23="Decode", 1, 2048) -> 1 | F24: Per-Core TFLOPS (fp4) | G24: 1 | H24: 1984.02
A25: Batch Size (power of 2) | B25: B | C25: 4096 | F25: Per-Core TFLOPS (fp8) | G25: 1 | H25: 1984.02
A26: Sequence Length (KV) | B26: S | C26: =1024+4096 -> 5120 | F26: Per-Core TFLOPS (bf16) | G26: 1 | H26: 992.01
A27: Scheduler Latency Overhead | C27: 0.15 | F27: Per-Core HBM Capacity (GiB) | G27: 0.987 | H27: 94.752
A28: Roofline Discount Rate | C28: 1 | F28: Core-to-Core ICI Bandwidth (uni, GB/s) | G28: 0.375 | H28: 600
A29: KV Cache dtype | B29: kvcache_dtype | C29: bf16 | F29: Chip-to-Chip ICI Bandwidth (uni, GB/s) | G29: 0.8 | H29: 80
A30: Flash Attention Enabled | B30: flash_attn | C30: TRUE
A32: 💡Top Line Metrics | F32: Maximum Batchsize Calculation
A33: Metric Name | B33: ="Value (" & H16 & ")" -> Value (GhostFish (P3)) | C33: Reference Value (GB200) | F33: Model Weights Dtype | G33: fp8
A34: # of Tokens | B34: =$C25*$C24 -> 4096 | C34: =492*8 -> 3936 | F34: KV Cache Dtype | G34: =C29 -> bf16
A35: # Devices | B35: =G9 -> 16 | C35: 8 | F35: Shared Expert Strategy | G35: Strategy A: All-Gather Tokens
A36: E2E Latency (s) | B36: =$G$78/1000 * $C$5 -> #N/A | C36: =0.0734 -> 0.0734 | F36: # of Model Params | G36: =671*1000000000 -> 671000000000
A37: Throughput (tokens/s) | B37: =$B$34/$B$36 -> #N/A | C37: =492/0.0733 * C35 -> 53697.135 | F37: # of Attention Params | G37: =SUM(PRODUCT(L92:M92), PRODUCT(K138:M138), PRODUCT(K157:M157), PRODUCT(L176:M176), PRODUCT(K252:M252), PRODUCT(K271:M271)) * PARAMS("L") -> 11413422080
A38: Discounted Throughput (tokens/s) | B38: =B34/(B36*(1+C27))*C28 -> #N/A
A39: Throughput (tokens/s/chip) | B39: =B38/$G$10 -> #N/A | C39: =C37/C35 -> 6712.1419 | F39: # of Non Attention Params | G39: =G36-G37 -> 659586577920
B40: =B39/C39 -> #N/A | F40: # Attention Memory (GiB) | G40: =SUM(P92, P138, P157, P176, P252, P271) * PARAMS(B5) / 1024 -> 10.629578
F41: # Model Memory (GiB) | G41: =(G39* SWITCH(G33, "fp32", 4, "bf16", 2, "fp8", 1, "fp4", 0.5)/1024^3 + G40*G9) + (G9-1) * SUM(P453, P472) * (C5-3)/1024 -> 802.20291
F42: # Per Device Model Memory (GiB) | G42: =G41/G9 -> 50.137682
A43: 💾 Memory Occupancy | F43: Usable fraction | G43: 0.9
A44: Key | B44: Value | C44: Notes | F44: Maximum Global Batch Size | G44: =(((H27 * G43 - G42)*1024^3) * G8) / (PARAMS(B26) * PAD_128(C9+C11) * SWITCH(PARAMS("kvcache_dtype"), "fp32", 4, "bf16", 2, "fp8", 1, "fp4", 0.5)*PARAMS(B5)) -> 1510.0834
A45: Attention Weights, Global (GiB) | B45: =SUM(P92,P138,P157,P176,P252,P271) * PARAMS("L") / 1024 -> 10.629578 | J45: =SUM(G43+G45+G47) -> 0.9
A46: MoE Weights, Global (GiB) | B46: =SUM($P$292,$P$381) * PARAMS("L") / 1024 -> 226.84375 | M46: =(2*129280*7168 + 3*2048*7168) -> 1897398272
A47: Other Weights, Global (GiB)
A48: KV Cache Size, Global (GiB) | B48: =SIZEOF_IN_MIB(PARAMS("B")*PARAMS("S")*PARAMS("L")*(PARAMS("c_kv")+PARAMS("h_rope")), PARAMS("kvcache_dtype"))/1024 -> 1372.5
A49: Intermediate Activation Tensors, Global (GiB) | B49: =MAX(P92,P111,P130,P149,P168,P187,P206,P225,P244,P260,P298,P345,P411,P430)/1024 -> 0.010253906
A50: TOTAL (Global) | B50: =SUM(B45:B48) -> 1609.9733 | C50: ="<=" & ($H$27 * PARAMS("num_devices")) & " (Capacity)?" -> <=1516.032 (Capacity)?
A52: Attention Weights, Local (GiB) | B52: =SUM(P94,P140,P159,P178,P254,P273) * PARAMS("L") / 1024 -> 10.629578
A53: MoE Weights, Local (GiB) | B53: =SUM(P340,P383) * PARAMS("L") / 1024 -> 40.03125
A54: Other Weights, Global (GiB)
A55: KV Cache Size, Local (GiB) | B55: =B48/PARAMS("num_devices") -> 85.78125
A56: Intermediate Activation Tensors, Local (GiB) | B56: =MAX(P94,P113,P132,P151,P170,P189,P208,P227,P246,P262,P300,P347,P413,P432)/1024 -> 0.010253906
A57: TOTAL (Local) | B57: =SUM(B52:B55) -> 136.44208 | C57: ="<=" & ($H$27) & " (Capacity)?" -> <=94.752 (Capacity)?
A59: ⚡Roofline Summary
A60: Category | B60: Op Name | C60: Memory Time (ms) | D60: Compute Time (ms) | E60: ICI Latency Time (ms) | F60: ICI BW Time (ms) | G60: Roofline Time (ms) | H60: Boundness | J60: % Roofline
A61: MLA | B61: Q Down Proj | C61: =$H$132 -> 0.0043387944 | D61: =$H$130 -> #N/A | F61: =H127 -> 0 | G61: =max(C61:F61) -> #N/A | H61: =IFS(C61=G61, "HBM", D61=G61, "Compute", E61=G61, "ICI Lt", F61=G61, "ICI BW") -> #N/A | J61: =G61/$G$76 -> #N/A
A62: MLA | B62: Q Up Proj | C62: =$H$151 -> 0.016145322 | D62: =$H$149 -> #N/A | G62: =max(C62:F62) -> #N/A | H62: =IFS(C62=G62, "HBM", D62=G62, "Compute", E62=G62, "ICI Lt", F62=G62, "ICI BW") -> #N/A | J62: =G62/$G$76 -> #N/A
A63: MLA | B63: Q Proj to K (K weight absoption) | C63: =$H$170 -> 0.01468515 | D63: =$H$168 -> #N/A | G63: =max(C63:F63) -> #N/A | H63: =IFS(C63=G63, "HBM", D63=G63, "Compute", E63=G63, "ICI Lt", F63=G63, "ICI BW") -> #N/A | J63: =G63/$G$76 -> #N/A
A64: MLA | B64: KV Down Proj | C64: =$H$189 -> 0.0019920907 | D64: =$H$187 -> #N/A | G64: =max(C64:F64) -> #N/A | H64: =IFS(C64=G64, "HBM", D64=G64, "Compute", E64=G64, "ICI Lt", F64=G64, "ICI BW") -> #N/A | J64: =G64/$G$76 -> #N/A
A65: MLA | B65: FlashAttention | C65: =SUM(C67:C69) -> 0.50330015 | D65: =SUM(D67:D69) -> #N/A | G65: =IF(PARAMS("flash_attn"),MAX(C65:F65),0) -> #N/A | H65: =IFS(G65=0,"",C65=G65, "HBM", D65=G65, "Compute", E65=G65, "ICI Lt", F65=G65, "ICI BW") -> #N/A | J65: =G65/$G$76 -> #N/A
A66: MLA | B66: VanillaAttention | G66: =IF(PARAMS("flash_attn"),0,SUM(G67:G69)) -> 0 | J66: =G66/$G$76 -> #N/A
